year,url,year_date,scope,election,geography,basename,source_dir,source_path,xlsx_dir,xlsx_path,csv_path
2016,http://www.sos.idaho.gov/ELECT/results/2016/../2016/Primary/County%20Abstracts%20Completed/Ada.xlsx,20160101,primary,primary,county,Ada.xlsx,/home/nacnudus/R/openelections-data-id/sources/2016/county,/home/nacnudus/R/openelections-data-id/sources/2016/county/Ada.xlsx,/home/nacnudus/R/openelections-data-id/xlsx/2016/county/primary,/home/nacnudus/R/openelections-data-id/xlsx/2016/county/primary/Ada.xlsx,/home/nacnudus/R/openelections-data-id/csv/20160101__id__primary__county.csv
2016,http://www.sos.idaho.gov/ELECT/results/2016/../2016/Primary/County%20Abstracts%20Completed/Adams.xlsx,20160101,primary,primary,county,Adams.xlsx,/home/nacnudus/R/openelections-data-id/sources/2016/county,/home/nacnudus/R/openelections-data-id/sources/2016/county/Adams.xlsx,/home/nacnudus/R/openelections-data-id/xlsx/2016/county/primary,/home/nacnudus/R/openelections-data-id/xlsx/2016/county/primary/Adams.xlsx,/home/nacnudus/R/openelections-data-id/csv/20160101__id__primary__county.csv
2016,http://www.sos.idaho.gov/ELECT/results/2016/../2016/Primary/County%20Abstracts%20Completed/Bannock.xlsx,20160101,primary,primary,county,Bannock.xlsx,/home/nacnudus/R/openelections-data-id/sources/2016/county,/home/nacnudus/R/openelections-data-id/sources/2016/county/Bannock.xlsx,/home/nacnudus/R/openelections-data-id/xlsx/2016/county/primary,/home/nacnudus/R/openelections-data-id/xlsx/2016/county/primary/Bannock.xlsx,/home/nacnudus/R/openelections-data-id/csv/20160101__id__primary__county.csv
2016,http://www.sos.idaho.gov/ELECT/results/2016/../2016/Primary/County%20Abstracts%20Completed/Bear%20Lake.xlsx,20160101,primary,primary,county,Bear%20Lake.xlsx,/home/nacnudus/R/openelections-data-id/sources/2016/county,/home/nacnudus/R/openelections-data-id/sources/2016/county/Bear%20Lake.xlsx,/home/nacnudus/R/openelections-data-id/xlsx/2016/county/primary,/home/nacnudus/R/openelections-data-id/xlsx/2016/county/primary/Bear%20Lake.xlsx,/home/nacnudus/R/openelections-data-id/csv/20160101__id__primary__county.csv
2016,http://www.sos.idaho.gov/ELECT/results/2016/../2016/Primary/County%20Abstracts%20Completed/Benewah.xlsx,20160101,primary,primary,county,Benewah.xlsx,/home/nacnudus/R/openelections-data-id/sources/2016/county,/home/nacnudus/R/openelections-data-id/sources/2016/county/Benewah.xlsx,/home/nacnudus/R/openelections-data-id/xlsx/2016/county/primary,/home/nacnudus/R/openelections-data-id/xlsx/2016/county/primary/Benewah.xlsx,/home/nacnudus/R/openelections-data-id/csv/20160101__id__primary__county.csv
2016,http://www.sos.idaho.gov/ELECT/results/2016/../2016/Primary/County%20Abstracts%20Completed/Bingham.xlsx,20160101,primary,primary,county,Bingham.xlsx,/home/nacnudus/R/openelections-data-id/sources/2016/county,/home/nacnudus/R/openelections-data-id/sources/2016/county/Bingham.xlsx,/home/nacnudus/R/openelections-data-id/xlsx/2016/county/primary,/home/nacnudus/R/openelections-data-id/xlsx/2016/county/primary/Bingham.xlsx,/home/nacnudus/R/openelections-data-id/csv/20160101__id__primary__county.csv
2016,http://www.sos.idaho.gov/ELECT/results/2016/../2016/Primary/County%20Abstracts%20Completed/Blaine.xlsx,20160101,primary,primary,county,Blaine.xlsx,/home/nacnudus/R/openelections-data-id/sources/2016/county,/home/nacnudus/R/openelections-data-id/sources/2016/county/Blaine.xlsx,/home/nacnudus/R/openelections-data-id/xlsx/2016/county/primary,/home/nacnudus/R/openelections-data-id/xlsx/2016/county/primary/Blaine.xlsx,/home/nacnudus/R/openelections-data-id/csv/20160101__id__primary__county.csv
2016,http://www.sos.idaho.gov/ELECT/results/2016/../2016/Primary/County%20Abstracts%20Completed/Boise.xlsx,20160101,primary,primary,county,Boise.xlsx,/home/nacnudus/R/openelections-data-id/sources/2016/county,/home/nacnudus/R/openelections-data-id/sources/2016/county/Boise.xlsx,/home/nacnudus/R/openelections-data-id/xlsx/2016/county/primary,/home/nacnudus/R/openelections-data-id/xlsx/2016/county/primary/Boise.xlsx,/home/nacnudus/R/openelections-data-id/csv/20160101__id__primary__county.csv
2016,http://www.sos.idaho.gov/ELECT/results/2016/../2016/Primary/County%20Abstracts%20Completed/Bonner.xlsx,20160101,primary,primary,county,Bonner.xlsx,/home/nacnudus/R/openelections-data-id/sources/2016/county,/home/nacnudus/R/openelections-data-id/sources/2016/county/Bonner.xlsx,/home/nacnudus/R/openelections-data-id/xlsx/2016/county/primary,/home/nacnudus/R/openelections-data-id/xlsx/2016/county/primary/Bonner.xlsx,/home/nacnudus/R/openelections-data-id/csv/20160101__id__primary__county.csv
2016,http://www.sos.idaho.gov/ELECT/results/2016/../2016/Primary/County%20Abstracts%20Completed/Bonneville.xlsx,20160101,primary,primary,county,Bonneville.xlsx,/home/nacnudus/R/openelections-data-id/sources/2016/county,/home/nacnudus/R/openelections-data-id/sources/2016/county/Bonneville.xlsx,/home/nacnudus/R/openelections-data-id/xlsx/2016/county/primary,/home/nacnudus/R/openelections-data-id/xlsx/2016/county/primary/Bonneville.xlsx,/home/nacnudus/R/openelections-data-id/csv/20160101__id__primary__county.csv
2016,http://www.sos.idaho.gov/ELECT/results/2016/../2016/Primary/County%20Abstracts%20Completed/Boundary.xlsx,20160101,primary,primary,county,Boundary.xlsx,/home/nacnudus/R/openelections-data-id/sources/2016/county,/home/nacnudus/R/openelections-data-id/sources/2016/county/Boundary.xlsx,/home/nacnudus/R/openelections-data-id/xlsx/2016/county/primary,/home/nacnudus/R/openelections-data-id/xlsx/2016/county/primary/Boundary.xlsx,/home/nacnudus/R/openelections-data-id/csv/20160101__id__primary__county.csv
2016,http://www.sos.idaho.gov/ELECT/results/2016/../2016/Primary/County%20Abstracts%20Completed/Butte.xlsx,20160101,primary,primary,county,Butte.xlsx,/home/nacnudus/R/openelections-data-id/sources/2016/county,/home/nacnudus/R/openelections-data-id/sources/2016/county/Butte.xlsx,/home/nacnudus/R/openelections-data-id/xlsx/2016/county/primary,/home/nacnudus/R/openelections-data-id/xlsx/2016/county/primary/Butte.xlsx,/home/nacnudus/R/openelections-data-id/csv/20160101__id__primary__county.csv
2016,http://www.sos.idaho.gov/ELECT/results/2016/../2016/Primary/County%20Abstracts%20Completed/Camas.xlsx,20160101,primary,primary,county,Camas.xlsx,/home/nacnudus/R/openelections-data-id/sources/2016/county,/home/nacnudus/R/openelections-data-id/sources/2016/county/Camas.xlsx,/home/nacnudus/R/openelections-data-id/xlsx/2016/county/primary,/home/nacnudus/R/openelections-data-id/xlsx/2016/county/primary/Camas.xlsx,/home/nacnudus/R/openelections-data-id/csv/20160101__id__primary__county.csv
2016,http://www.sos.idaho.gov/ELECT/results/2016/../2016/Primary/County%20Abstracts%20Completed/Canyon.xlsx,20160101,primary,primary,county,Canyon.xlsx,/home/nacnudus/R/openelections-data-id/sources/2016/county,/home/nacnudus/R/openelections-data-id/sources/2016/county/Canyon.xlsx,/home/nacnudus/R/openelections-data-id/xlsx/2016/county/primary,/home/nacnudus/R/openelections-data-id/xlsx/2016/county/primary/Canyon.xlsx,/home/nacnudus/R/openelections-data-id/csv/20160101__id__primary__county.csv
2016,http://www.sos.idaho.gov/ELECT/results/2016/../2016/Primary/County%20Abstracts%20Completed/Caribou.xlsx,20160101,primary,primary,county,Caribou.xlsx,/home/nacnudus/R/openelections-data-id/sources/2016/county,/home/nacnudus/R/openelections-data-id/sources/2016/county/Caribou.xlsx,/home/nacnudus/R/openelections-data-id/xlsx/2016/county/primary,/home/nacnudus/R/openelections-data-id/xlsx/2016/county/primary/Caribou.xlsx,/home/nacnudus/R/openelections-data-id/csv/20160101__id__primary__county.csv
2016,http://www.sos.idaho.gov/ELECT/results/2016/../2016/Primary/County%20Abstracts%20Completed/Cassia.xlsx,20160101,primary,primary,county,Cassia.xlsx,/home/nacnudus/R/openelections-data-id/sources/2016/county,/home/nacnudus/R/openelections-data-id/sources/2016/county/Cassia.xlsx,/home/nacnudus/R/openelections-data-id/xlsx/2016/county/primary,/home/nacnudus/R/openelections-data-id/xlsx/2016/county/primary/Cassia.xlsx,/home/nacnudus/R/openelections-data-id/csv/20160101__id__primary__county.csv
2016,http://www.sos.idaho.gov/ELECT/results/2016/../2016/Primary/County%20Abstracts%20Completed/Clark.xlsx,20160101,primary,primary,county,Clark.xlsx,/home/nacnudus/R/openelections-data-id/sources/2016/county,/home/nacnudus/R/openelections-data-id/sources/2016/county/Clark.xlsx,/home/nacnudus/R/openelections-data-id/xlsx/2016/county/primary,/home/nacnudus/R/openelections-data-id/xlsx/2016/county/primary/Clark.xlsx,/home/nacnudus/R/openelections-data-id/csv/20160101__id__primary__county.csv
2016,http://www.sos.idaho.gov/ELECT/results/2016/../2016/Primary/County%20Abstracts%20Completed/Clearwater.xlsx,20160101,primary,primary,county,Clearwater.xlsx,/home/nacnudus/R/openelections-data-id/sources/2016/county,/home/nacnudus/R/openelections-data-id/sources/2016/county/Clearwater.xlsx,/home/nacnudus/R/openelections-data-id/xlsx/2016/county/primary,/home/nacnudus/R/openelections-data-id/xlsx/2016/county/primary/Clearwater.xlsx,/home/nacnudus/R/openelections-data-id/csv/20160101__id__primary__county.csv
2016,http://www.sos.idaho.gov/ELECT/results/2016/../2016/Primary/County%20Abstracts%20Completed/Custer.xlsx,20160101,primary,primary,county,Custer.xlsx,/home/nacnudus/R/openelections-data-id/sources/2016/county,/home/nacnudus/R/openelections-data-id/sources/2016/county/Custer.xlsx,/home/nacnudus/R/openelections-data-id/xlsx/2016/county/primary,/home/nacnudus/R/openelections-data-id/xlsx/2016/county/primary/Custer.xlsx,/home/nacnudus/R/openelections-data-id/csv/20160101__id__primary__county.csv
2016,http://www.sos.idaho.gov/ELECT/results/2016/../2016/Primary/County%20Abstracts%20Completed/Elmore.xlsx,20160101,primary,primary,county,Elmore.xlsx,/home/nacnudus/R/openelections-data-id/sources/2016/county,/home/nacnudus/R/openelections-data-id/sources/2016/county/Elmore.xlsx,/home/nacnudus/R/openelections-data-id/xlsx/2016/county/primary,/home/nacnudus/R/openelections-data-id/xlsx/2016/county/primary/Elmore.xlsx,/home/nacnudus/R/openelections-data-id/csv/20160101__id__primary__county.csv
2016,http://www.sos.idaho.gov/ELECT/results/2016/../2016/Primary/County%20Abstracts%20Completed/Franklin.xlsx,20160101,primary,primary,county,Franklin.xlsx,/home/nacnudus/R/openelections-data-id/sources/2016/county,/home/nacnudus/R/openelections-data-id/sources/2016/county/Franklin.xlsx,/home/nacnudus/R/openelections-data-id/xlsx/2016/county/primary,/home/nacnudus/R/openelections-data-id/xlsx/2016/county/primary/Franklin.xlsx,/home/nacnudus/R/openelections-data-id/csv/20160101__id__primary__county.csv
2016,http://www.sos.idaho.gov/ELECT/results/2016/../2016/Primary/County%20Abstracts%20Completed/Fremont.xlsx,20160101,primary,primary,county,Fremont.xlsx,/home/nacnudus/R/openelections-data-id/sources/2016/county,/home/nacnudus/R/openelections-data-id/sources/2016/county/Fremont.xlsx,/home/nacnudus/R/openelections-data-id/xlsx/2016/county/primary,/home/nacnudus/R/openelections-data-id/xlsx/2016/county/primary/Fremont.xlsx,/home/nacnudus/R/openelections-data-id/csv/20160101__id__primary__county.csv
2016,http://www.sos.idaho.gov/ELECT/results/2016/../2016/Primary/County%20Abstracts%20Completed/Gem.xlsx,20160101,primary,primary,county,Gem.xlsx,/home/nacnudus/R/openelections-data-id/sources/2016/county,/home/nacnudus/R/openelections-data-id/sources/2016/county/Gem.xlsx,/home/nacnudus/R/openelections-data-id/xlsx/2016/county/primary,/home/nacnudus/R/openelections-data-id/xlsx/2016/county/primary/Gem.xlsx,/home/nacnudus/R/openelections-data-id/csv/20160101__id__primary__county.csv
2016,http://www.sos.idaho.gov/ELECT/results/2016/../2016/Primary/County%20Abstracts%20Completed/Gooding.xlsx,20160101,primary,primary,county,Gooding.xlsx,/home/nacnudus/R/openelections-data-id/sources/2016/county,/home/nacnudus/R/openelections-data-id/sources/2016/county/Gooding.xlsx,/home/nacnudus/R/openelections-data-id/xlsx/2016/county/primary,/home/nacnudus/R/openelections-data-id/xlsx/2016/county/primary/Gooding.xlsx,/home/nacnudus/R/openelections-data-id/csv/20160101__id__primary__county.csv
2016,http://www.sos.idaho.gov/ELECT/results/2016/../2016/Primary/County%20Abstracts%20Completed/Idaho.xlsx,20160101,primary,primary,county,Idaho.xlsx,/home/nacnudus/R/openelections-data-id/sources/2016/county,/home/nacnudus/R/openelections-data-id/sources/2016/county/Idaho.xlsx,/home/nacnudus/R/openelections-data-id/xlsx/2016/county/primary,/home/nacnudus/R/openelections-data-id/xlsx/2016/county/primary/Idaho.xlsx,/home/nacnudus/R/openelections-data-id/csv/20160101__id__primary__county.csv
2016,http://www.sos.idaho.gov/ELECT/results/2016/../2016/Primary/County%20Abstracts%20Completed/Jefferson.xlsx,20160101,primary,primary,county,Jefferson.xlsx,/home/nacnudus/R/openelections-data-id/sources/2016/county,/home/nacnudus/R/openelections-data-id/sources/2016/county/Jefferson.xlsx,/home/nacnudus/R/openelections-data-id/xlsx/2016/county/primary,/home/nacnudus/R/openelections-data-id/xlsx/2016/county/primary/Jefferson.xlsx,/home/nacnudus/R/openelections-data-id/csv/20160101__id__primary__county.csv
2016,http://www.sos.idaho.gov/ELECT/results/2016/../2016/Primary/County%20Abstracts%20Completed/Jerome.xlsx,20160101,primary,primary,county,Jerome.xlsx,/home/nacnudus/R/openelections-data-id/sources/2016/county,/home/nacnudus/R/openelections-data-id/sources/2016/county/Jerome.xlsx,/home/nacnudus/R/openelections-data-id/xlsx/2016/county/primary,/home/nacnudus/R/openelections-data-id/xlsx/2016/county/primary/Jerome.xlsx,/home/nacnudus/R/openelections-data-id/csv/20160101__id__primary__county.csv
2016,http://www.sos.idaho.gov/ELECT/results/2016/../2016/Primary/County%20Abstracts%20Completed/Kootenai.xlsx,20160101,primary,primary,county,Kootenai.xlsx,/home/nacnudus/R/openelections-data-id/sources/2016/county,/home/nacnudus/R/openelections-data-id/sources/2016/county/Kootenai.xlsx,/home/nacnudus/R/openelections-data-id/xlsx/2016/county/primary,/home/nacnudus/R/openelections-data-id/xlsx/2016/county/primary/Kootenai.xlsx,/home/nacnudus/R/openelections-data-id/csv/20160101__id__primary__county.csv
2016,http://www.sos.idaho.gov/ELECT/results/2016/../2016/Primary/County%20Abstracts%20Completed/Latah.xlsx,20160101,primary,primary,county,Latah.xlsx,/home/nacnudus/R/openelections-data-id/sources/2016/county,/home/nacnudus/R/openelections-data-id/sources/2016/county/Latah.xlsx,/home/nacnudus/R/openelections-data-id/xlsx/2016/county/primary,/home/nacnudus/R/openelections-data-id/xlsx/2016/county/primary/Latah.xlsx,/home/nacnudus/R/openelections-data-id/csv/20160101__id__primary__county.csv
2016,http://www.sos.idaho.gov/ELECT/results/2016/../2016/Primary/County%20Abstracts%20Completed/Lemhi.xlsx,20160101,primary,primary,county,Lemhi.xlsx,/home/nacnudus/R/openelections-data-id/sources/2016/county,/home/nacnudus/R/openelections-data-id/sources/2016/county/Lemhi.xlsx,/home/nacnudus/R/openelections-data-id/xlsx/2016/county/primary,/home/nacnudus/R/openelections-data-id/xlsx/2016/county/primary/Lemhi.xlsx,/home/nacnudus/R/openelections-data-id/csv/20160101__id__primary__county.csv
2016,http://www.sos.idaho.gov/ELECT/results/2016/../2016/Primary/County%20Abstracts%20Completed/Lewis.xlsx,20160101,primary,primary,county,Lewis.xlsx,/home/nacnudus/R/openelections-data-id/sources/2016/county,/home/nacnudus/R/openelections-data-id/sources/2016/county/Lewis.xlsx,/home/nacnudus/R/openelections-data-id/xlsx/2016/county/primary,/home/nacnudus/R/openelections-data-id/xlsx/2016/county/primary/Lewis.xlsx,/home/nacnudus/R/openelections-data-id/csv/20160101__id__primary__county.csv
2016,http://www.sos.idaho.gov/ELECT/results/2016/../2016/Primary/County%20Abstracts%20Completed/Lincoln.xlsx,20160101,primary,primary,county,Lincoln.xlsx,/home/nacnudus/R/openelections-data-id/sources/2016/county,/home/nacnudus/R/openelections-data-id/sources/2016/county/Lincoln.xlsx,/home/nacnudus/R/openelections-data-id/xlsx/2016/county/primary,/home/nacnudus/R/openelections-data-id/xlsx/2016/county/primary/Lincoln.xlsx,/home/nacnudus/R/openelections-data-id/csv/20160101__id__primary__county.csv
2016,http://www.sos.idaho.gov/ELECT/results/2016/../2016/Primary/County%20Abstracts%20Completed/Madison.xlsx,20160101,primary,primary,county,Madison.xlsx,/home/nacnudus/R/openelections-data-id/sources/2016/county,/home/nacnudus/R/openelections-data-id/sources/2016/county/Madison.xlsx,/home/nacnudus/R/openelections-data-id/xlsx/2016/county/primary,/home/nacnudus/R/openelections-data-id/xlsx/2016/county/primary/Madison.xlsx,/home/nacnudus/R/openelections-data-id/csv/20160101__id__primary__county.csv
2016,http://www.sos.idaho.gov/ELECT/results/2016/../2016/Primary/County%20Abstracts%20Completed/Minidoka.xlsx,20160101,primary,primary,county,Minidoka.xlsx,/home/nacnudus/R/openelections-data-id/sources/2016/county,/home/nacnudus/R/openelections-data-id/sources/2016/county/Minidoka.xlsx,/home/nacnudus/R/openelections-data-id/xlsx/2016/county/primary,/home/nacnudus/R/openelections-data-id/xlsx/2016/county/primary/Minidoka.xlsx,/home/nacnudus/R/openelections-data-id/csv/20160101__id__primary__county.csv
2016,http://www.sos.idaho.gov/ELECT/results/2016/../2016/Primary/County%20Abstracts%20Completed/Nez%20Perce.xlsx,20160101,primary,primary,county,Nez%20Perce.xlsx,/home/nacnudus/R/openelections-data-id/sources/2016/county,/home/nacnudus/R/openelections-data-id/sources/2016/county/Nez%20Perce.xlsx,/home/nacnudus/R/openelections-data-id/xlsx/2016/county/primary,/home/nacnudus/R/openelections-data-id/xlsx/2016/county/primary/Nez%20Perce.xlsx,/home/nacnudus/R/openelections-data-id/csv/20160101__id__primary__county.csv
2016,http://www.sos.idaho.gov/ELECT/results/2016/../2016/Primary/County%20Abstracts%20Completed/Oneida.xlsx,20160101,primary,primary,county,Oneida.xlsx,/home/nacnudus/R/openelections-data-id/sources/2016/county,/home/nacnudus/R/openelections-data-id/sources/2016/county/Oneida.xlsx,/home/nacnudus/R/openelections-data-id/xlsx/2016/county/primary,/home/nacnudus/R/openelections-data-id/xlsx/2016/county/primary/Oneida.xlsx,/home/nacnudus/R/openelections-data-id/csv/20160101__id__primary__county.csv
2016,http://www.sos.idaho.gov/ELECT/results/2016/../2016/Primary/County%20Abstracts%20Completed/Owyhee.xlsx,20160101,primary,primary,county,Owyhee.xlsx,/home/nacnudus/R/openelections-data-id/sources/2016/county,/home/nacnudus/R/openelections-data-id/sources/2016/county/Owyhee.xlsx,/home/nacnudus/R/openelections-data-id/xlsx/2016/county/primary,/home/nacnudus/R/openelections-data-id/xlsx/2016/county/primary/Owyhee.xlsx,/home/nacnudus/R/openelections-data-id/csv/20160101__id__primary__county.csv
2016,http://www.sos.idaho.gov/ELECT/results/2016/../2016/Primary/County%20Abstracts%20Completed/Payette.xlsx,20160101,primary,primary,county,Payette.xlsx,/home/nacnudus/R/openelections-data-id/sources/2016/county,/home/nacnudus/R/openelections-data-id/sources/2016/county/Payette.xlsx,/home/nacnudus/R/openelections-data-id/xlsx/2016/county/primary,/home/nacnudus/R/openelections-data-id/xlsx/2016/county/primary/Payette.xlsx,/home/nacnudus/R/openelections-data-id/csv/20160101__id__primary__county.csv
2016,http://www.sos.idaho.gov/ELECT/results/2016/../2016/Primary/County%20Abstracts%20Completed/Power.xlsx,20160101,primary,primary,county,Power.xlsx,/home/nacnudus/R/openelections-data-id/sources/2016/county,/home/nacnudus/R/openelections-data-id/sources/2016/county/Power.xlsx,/home/nacnudus/R/openelections-data-id/xlsx/2016/county/primary,/home/nacnudus/R/openelections-data-id/xlsx/2016/county/primary/Power.xlsx,/home/nacnudus/R/openelections-data-id/csv/20160101__id__primary__county.csv
2016,http://www.sos.idaho.gov/ELECT/results/2016/../2016/Primary/County%20Abstracts%20Completed/Shoshone.xls,20160101,primary,primary,county,Shoshone.xls,/home/nacnudus/R/openelections-data-id/sources/2016/county,/home/nacnudus/R/openelections-data-id/sources/2016/county/Shoshone.xls,/home/nacnudus/R/openelections-data-id/xlsx/2016/county/primary,/home/nacnudus/R/openelections-data-id/xlsx/2016/county/primary/Shoshone.xlsx,/home/nacnudus/R/openelections-data-id/csv/20160101__id__primary__county.csv
2016,http://www.sos.idaho.gov/ELECT/results/2016/../2016/Primary/County%20Abstracts%20Completed/Teton.xlsx,20160101,primary,primary,county,Teton.xlsx,/home/nacnudus/R/openelections-data-id/sources/2016/county,/home/nacnudus/R/openelections-data-id/sources/2016/county/Teton.xlsx,/home/nacnudus/R/openelections-data-id/xlsx/2016/county/primary,/home/nacnudus/R/openelections-data-id/xlsx/2016/county/primary/Teton.xlsx,/home/nacnudus/R/openelections-data-id/csv/20160101__id__primary__county.csv
2016,http://www.sos.idaho.gov/ELECT/results/2016/../2016/Primary/County%20Abstracts%20Completed/Twin%20Falls.xlsx,20160101,primary,primary,county,Twin%20Falls.xlsx,/home/nacnudus/R/openelections-data-id/sources/2016/county,/home/nacnudus/R/openelections-data-id/sources/2016/county/Twin%20Falls.xlsx,/home/nacnudus/R/openelections-data-id/xlsx/2016/county/primary,/home/nacnudus/R/openelections-data-id/xlsx/2016/county/primary/Twin%20Falls.xlsx,/home/nacnudus/R/openelections-data-id/csv/20160101__id__primary__county.csv
2016,http://www.sos.idaho.gov/ELECT/results/2016/../2016/Primary/County%20Abstracts%20Completed/Valley.xlsx,20160101,primary,primary,county,Valley.xlsx,/home/nacnudus/R/openelections-data-id/sources/2016/county,/home/nacnudus/R/openelections-data-id/sources/2016/county/Valley.xlsx,/home/nacnudus/R/openelections-data-id/xlsx/2016/county/primary,/home/nacnudus/R/openelections-data-id/xlsx/2016/county/primary/Valley.xlsx,/home/nacnudus/R/openelections-data-id/csv/20160101__id__primary__county.csv
2016,http://www.sos.idaho.gov/ELECT/results/2016/../2016/Primary/County%20Abstracts%20Completed/Washington.xlsx,20160101,primary,primary,county,Washington.xlsx,/home/nacnudus/R/openelections-data-id/sources/2016/county,/home/nacnudus/R/openelections-data-id/sources/2016/county/Washington.xlsx,/home/nacnudus/R/openelections-data-id/xlsx/2016/county/primary,/home/nacnudus/R/openelections-data-id/xlsx/2016/county/primary/Washington.xlsx,/home/nacnudus/R/openelections-data-id/csv/20160101__id__primary__county.csv
2016,http://www.sos.idaho.gov/ELECT/results/2016/General/County%20Abstracts%20Completed/Ada.xlsx,20160101,general,general,county,Ada.xlsx,/home/nacnudus/R/openelections-data-id/sources/2016/county,/home/nacnudus/R/openelections-data-id/sources/2016/county/Ada.xlsx,/home/nacnudus/R/openelections-data-id/xlsx/2016/county/general,/home/nacnudus/R/openelections-data-id/xlsx/2016/county/general/Ada.xlsx,/home/nacnudus/R/openelections-data-id/csv/20160101__id__general__county.csv
2016,http://www.sos.idaho.gov/ELECT/results/2016/General/County%20Abstracts%20Completed/Adams.xlsx,20160101,general,general,county,Adams.xlsx,/home/nacnudus/R/openelections-data-id/sources/2016/county,/home/nacnudus/R/openelections-data-id/sources/2016/county/Adams.xlsx,/home/nacnudus/R/openelections-data-id/xlsx/2016/county/general,/home/nacnudus/R/openelections-data-id/xlsx/2016/county/general/Adams.xlsx,/home/nacnudus/R/openelections-data-id/csv/20160101__id__general__county.csv
2016,http://www.sos.idaho.gov/ELECT/results/2016/General/County%20Abstracts%20Completed/Bannock.xlsx,20160101,general,general,county,Bannock.xlsx,/home/nacnudus/R/openelections-data-id/sources/2016/county,/home/nacnudus/R/openelections-data-id/sources/2016/county/Bannock.xlsx,/home/nacnudus/R/openelections-data-id/xlsx/2016/county/general,/home/nacnudus/R/openelections-data-id/xlsx/2016/county/general/Bannock.xlsx,/home/nacnudus/R/openelections-data-id/csv/20160101__id__general__county.csv
2016,http://www.sos.idaho.gov/ELECT/results/2016/General/County%20Abstracts%20Completed/Bear%20Lake.xlsx,20160101,general,general,county,Bear%20Lake.xlsx,/home/nacnudus/R/openelections-data-id/sources/2016/county,/home/nacnudus/R/openelections-data-id/sources/2016/county/Bear%20Lake.xlsx,/home/nacnudus/R/openelections-data-id/xlsx/2016/county/general,/home/nacnudus/R/openelections-data-id/xlsx/2016/county/general/Bear%20Lake.xlsx,/home/nacnudus/R/openelections-data-id/csv/20160101__id__general__county.csv
2016,http://www.sos.idaho.gov/ELECT/results/2016/General/County%20Abstracts%20Completed/Benewah.xlsx,20160101,general,general,county,Benewah.xlsx,/home/nacnudus/R/openelections-data-id/sources/2016/county,/home/nacnudus/R/openelections-data-id/sources/2016/county/Benewah.xlsx,/home/nacnudus/R/openelections-data-id/xlsx/2016/county/general,/home/nacnudus/R/openelections-data-id/xlsx/2016/county/general/Benewah.xlsx,/home/nacnudus/R/openelections-data-id/csv/20160101__id__general__county.csv
2016,http://www.sos.idaho.gov/ELECT/results/2016/General/County%20Abstracts%20Completed/Bingham.xlsx,20160101,general,general,county,Bingham.xlsx,/home/nacnudus/R/openelections-data-id/sources/2016/county,/home/nacnudus/R/openelections-data-id/sources/2016/county/Bingham.xlsx,/home/nacnudus/R/openelections-data-id/xlsx/2016/county/general,/home/nacnudus/R/openelections-data-id/xlsx/2016/county/general/Bingham.xlsx,/home/nacnudus/R/openelections-data-id/csv/20160101__id__general__county.csv
2016,http://www.sos.idaho.gov/ELECT/results/2016/General/County%20Abstracts%20Completed/Blaine.xlsx,20160101,general,general,county,Blaine.xlsx,/home/nacnudus/R/openelections-data-id/sources/2016/county,/home/nacnudus/R/openelections-data-id/sources/2016/county/Blaine.xlsx,/home/nacnudus/R/openelections-data-id/xlsx/2016/county/general,/home/nacnudus/R/openelections-data-id/xlsx/2016/county/general/Blaine.xlsx,/home/nacnudus/R/openelections-data-id/csv/20160101__id__general__county.csv
2016,http://www.sos.idaho.gov/ELECT/results/2016/General/County%20Abstracts%20Completed/Boise.xlsx,20160101,general,general,county,Boise.xlsx,/home/nacnudus/R/openelections-data-id/sources/2016/county,/home/nacnudus/R/openelections-data-id/sources/2016/county/Boise.xlsx,/home/nacnudus/R/openelections-data-id/xlsx/2016/county/general,/home/nacnudus/R/openelections-data-id/xlsx/2016/county/general/Boise.xlsx,/home/nacnudus/R/openelections-data-id/csv/20160101__id__general__county.csv
2016,http://www.sos.idaho.gov/ELECT/results/2016/General/County%20Abstracts%20Completed/Bonner.xlsx,20160101,general,general,county,Bonner.xlsx,/home/nacnudus/R/openelections-data-id/sources/2016/county,/home/nacnudus/R/openelections-data-id/sources/2016/county/Bonner.xlsx,/home/nacnudus/R/openelections-data-id/xlsx/2016/county/general,/home/nacnudus/R/openelections-data-id/xlsx/2016/county/general/Bonner.xlsx,/home/nacnudus/R/openelections-data-id/csv/20160101__id__general__county.csv
2016,http://www.sos.idaho.gov/ELECT/results/2016/General/County%20Abstracts%20Completed/Bonneville.xlsx,20160101,general,general,county,Bonneville.xlsx,/home/nacnudus/R/openelections-data-id/sources/2016/county,/home/nacnudus/R/openelections-data-id/sources/2016/county/Bonneville.xlsx,/home/nacnudus/R/openelections-data-id/xlsx/2016/county/general,/home/nacnudus/R/openelections-data-id/xlsx/2016/county/general/Bonneville.xlsx,/home/nacnudus/R/openelections-data-id/csv/20160101__id__general__county.csv
2016,http://www.sos.idaho.gov/ELECT/results/2016/General/County%20Abstracts%20Completed/Boundary.xlsx,20160101,general,general,county,Boundary.xlsx,/home/nacnudus/R/openelections-data-id/sources/2016/county,/home/nacnudus/R/openelections-data-id/sources/2016/county/Boundary.xlsx,/home/nacnudus/R/openelections-data-id/xlsx/2016/county/general,/home/nacnudus/R/openelections-data-id/xlsx/2016/county/general/Boundary.xlsx,/home/nacnudus/R/openelections-data-id/csv/20160101__id__general__county.csv
2016,http://www.sos.idaho.gov/ELECT/results/2016/General/County%20Abstracts%20Completed/Butte.xlsx,20160101,general,general,county,Butte.xlsx,/home/nacnudus/R/openelections-data-id/sources/2016/county,/home/nacnudus/R/openelections-data-id/sources/2016/county/Butte.xlsx,/home/nacnudus/R/openelections-data-id/xlsx/2016/county/general,/home/nacnudus/R/openelections-data-id/xlsx/2016/county/general/Butte.xlsx,/home/nacnudus/R/openelections-data-id/csv/20160101__id__general__county.csv
2016,http://www.sos.idaho.gov/ELECT/results/2016/General/County%20Abstracts%20Completed/Camas.xlsx,20160101,general,general,county,Camas.xlsx,/home/nacnudus/R/openelections-data-id/sources/2016/county,/home/nacnudus/R/openelections-data-id/sources/2016/county/Camas.xlsx,/home/nacnudus/R/openelections-data-id/xlsx/2016/county/general,/home/nacnudus/R/openelections-data-id/xlsx/2016/county/general/Camas.xlsx,/home/nacnudus/R/openelections-data-id/csv/20160101__id__general__county.csv
2016,http://www.sos.idaho.gov/ELECT/results/2016/General/County%20Abstracts%20Completed/Canyon.xlsx,20160101,general,general,county,Canyon.xlsx,/home/nacnudus/R/openelections-data-id/sources/2016/county,/home/nacnudus/R/openelections-data-id/sources/2016/county/Canyon.xlsx,/home/nacnudus/R/openelections-data-id/xlsx/2016/county/general,/home/nacnudus/R/openelections-data-id/xlsx/2016/county/general/Canyon.xlsx,/home/nacnudus/R/openelections-data-id/csv/20160101__id__general__county.csv
2016,http://www.sos.idaho.gov/ELECT/results/2016/General/County%20Abstracts%20Completed/Caribou.xlsx,20160101,general,general,county,Caribou.xlsx,/home/nacnudus/R/openelections-data-id/sources/2016/county,/home/nacnudus/R/openelections-data-id/sources/2016/county/Caribou.xlsx,/home/nacnudus/R/openelections-data-id/xlsx/2016/county/general,/home/nacnudus/R/openelections-data-id/xlsx/2016/county/general/Caribou.xlsx,/home/nacnudus/R/openelections-data-id/csv/20160101__id__general__county.csv
2016,http://www.sos.idaho.gov/ELECT/results/2016/General/County%20Abstracts%20Completed/Cassia.xlsx,20160101,general,general,county,Cassia.xlsx,/home/nacnudus/R/openelections-data-id/sources/2016/county,/home/nacnudus/R/openelections-data-id/sources/2016/county/Cassia.xlsx,/home/nacnudus/R/openelections-data-id/xlsx/2016/county/general,/home/nacnudus/R/openelections-data-id/xlsx/2016/county/general/Cassia.xlsx,/home/nacnudus/R/openelections-data-id/csv/20160101__id__general__county.csv
2016,http://www.sos.idaho.gov/ELECT/results/2016/General/County%20Abstracts%20Completed/Clark.xlsx,20160101,general,general,county,Clark.xlsx,/home/nacnudus/R/openelections-data-id/sources/2016/county,/home/nacnudus/R/openelections-data-id/sources/2016/county/Clark.xlsx,/home/nacnudus/R/openelections-data-id/xlsx/2016/county/general,/home/nacnudus/R/openelections-data-id/xlsx/2016/county/general/Clark.xlsx,/home/nacnudus/R/openelections-data-id/csv/20160101__id__general__county.csv
2016,http://www.sos.idaho.gov/ELECT/results/2016/General/County%20Abstracts%20Completed/Clearwater.xlsx,20160101,general,general,county,Clearwater.xlsx,/home/nacnudus/R/openelections-data-id/sources/2016/county,/home/nacnudus/R/openelections-data-id/sources/2016/county/Clearwater.xlsx,/home/nacnudus/R/openelections-data-id/xlsx/2016/county/general,/home/nacnudus/R/openelections-data-id/xlsx/2016/county/general/Clearwater.xlsx,/home/nacnudus/R/openelections-data-id/csv/20160101__id__general__county.csv
2016,http://www.sos.idaho.gov/ELECT/results/2016/General/County%20Abstracts%20Completed/Custer.xlsx,20160101,general,general,county,Custer.xlsx,/home/nacnudus/R/openelections-data-id/sources/2016/county,/home/nacnudus/R/openelections-data-id/sources/2016/county/Custer.xlsx,/home/nacnudus/R/openelections-data-id/xlsx/2016/county/general,/home/nacnudus/R/openelections-data-id/xlsx/2016/county/general/Custer.xlsx,/home/nacnudus/R/openelections-data-id/csv/20160101__id__general__county.csv
2016,http://www.sos.idaho.gov/ELECT/results/2016/General/County%20Abstracts%20Completed/Elmore.xlsx,20160101,general,general,county,Elmore.xlsx,/home/nacnudus/R/openelections-data-id/sources/2016/county,/home/nacnudus/R/openelections-data-id/sources/2016/county/Elmore.xlsx,/home/nacnudus/R/openelections-data-id/xlsx/2016/county/general,/home/nacnudus/R/openelections-data-id/xlsx/2016/county/general/Elmore.xlsx,/home/nacnudus/R/openelections-data-id/csv/20160101__id__general__county.csv
2016,http://www.sos.idaho.gov/ELECT/results/2016/General/County%20Abstracts%20Completed/Franklin.xlsx,20160101,general,general,county,Franklin.xlsx,/home/nacnudus/R/openelections-data-id/sources/2016/county,/home/nacnudus/R/openelections-data-id/sources/2016/county/Franklin.xlsx,/home/nacnudus/R/openelections-data-id/xlsx/2016/county/general,/home/nacnudus/R/openelections-data-id/xlsx/2016/county/general/Franklin.xlsx,/home/nacnudus/R/openelections-data-id/csv/20160101__id__general__county.csv
2016,http://www.sos.idaho.gov/ELECT/results/2016/General/County%20Abstracts%20Completed/Fremont.xlsx,20160101,general,general,county,Fremont.xlsx,/home/nacnudus/R/openelections-data-id/sources/2016/county,/home/nacnudus/R/openelections-data-id/sources/2016/county/Fremont.xlsx,/home/nacnudus/R/openelections-data-id/xlsx/2016/county/general,/home/nacnudus/R/openelections-data-id/xlsx/2016/county/general/Fremont.xlsx,/home/nacnudus/R/openelections-data-id/csv/20160101__id__general__county.csv
2016,http://www.sos.idaho.gov/ELECT/results/2016/General/County%20Abstracts%20Completed/Gem.xlsx,20160101,general,general,county,Gem.xlsx,/home/nacnudus/R/openelections-data-id/sources/2016/county,/home/nacnudus/R/openelections-data-id/sources/2016/county/Gem.xlsx,/home/nacnudus/R/openelections-data-id/xlsx/2016/county/general,/home/nacnudus/R/openelections-data-id/xlsx/2016/county/general/Gem.xlsx,/home/nacnudus/R/openelections-data-id/csv/20160101__id__general__county.csv
2016,http://www.sos.idaho.gov/ELECT/results/2016/General/County%20Abstracts%20Completed/Gooding.xlsx,20160101,general,general,county,Gooding.xlsx,/home/nacnudus/R/openelections-data-id/sources/2016/county,/home/nacnudus/R/openelections-data-id/sources/2016/county/Gooding.xlsx,/home/nacnudus/R/openelections-data-id/xlsx/2016/county/general,/home/nacnudus/R/openelections-data-id/xlsx/2016/county/general/Gooding.xlsx,/home/nacnudus/R/openelections-data-id/csv/20160101__id__general__county.csv
2016,http://www.sos.idaho.gov/ELECT/results/2016/General/County%20Abstracts%20Completed/Idaho.xlsx,20160101,general,general,county,Idaho.xlsx,/home/nacnudus/R/openelections-data-id/sources/2016/county,/home/nacnudus/R/openelections-data-id/sources/2016/county/Idaho.xlsx,/home/nacnudus/R/openelections-data-id/xlsx/2016/county/general,/home/nacnudus/R/openelections-data-id/xlsx/2016/county/general/Idaho.xlsx,/home/nacnudus/R/openelections-data-id/csv/20160101__id__general__county.csv
2016,http://www.sos.idaho.gov/ELECT/results/2016/General/County%20Abstracts%20Completed/Jefferson.xlsx,20160101,general,general,county,Jefferson.xlsx,/home/nacnudus/R/openelections-data-id/sources/2016/county,/home/nacnudus/R/openelections-data-id/sources/2016/county/Jefferson.xlsx,/home/nacnudus/R/openelections-data-id/xlsx/2016/county/general,/home/nacnudus/R/openelections-data-id/xlsx/2016/county/general/Jefferson.xlsx,/home/nacnudus/R/openelections-data-id/csv/20160101__id__general__county.csv
2016,http://www.sos.idaho.gov/ELECT/results/2016/General/County%20Abstracts%20Completed/Jerome.xlsx,20160101,general,general,county,Jerome.xlsx,/home/nacnudus/R/openelections-data-id/sources/2016/county,/home/nacnudus/R/openelections-data-id/sources/2016/county/Jerome.xlsx,/home/nacnudus/R/openelections-data-id/xlsx/2016/county/general,/home/nacnudus/R/openelections-data-id/xlsx/2016/county/general/Jerome.xlsx,/home/nacnudus/R/openelections-data-id/csv/20160101__id__general__county.csv
2016,http://www.sos.idaho.gov/ELECT/results/2016/General/County%20Abstracts%20Completed/Kootenai.xlsx,20160101,general,general,county,Kootenai.xlsx,/home/nacnudus/R/openelections-data-id/sources/2016/county,/home/nacnudus/R/openelections-data-id/sources/2016/county/Kootenai.xlsx,/home/nacnudus/R/openelections-data-id/xlsx/2016/county/general,/home/nacnudus/R/openelections-data-id/xlsx/2016/county/general/Kootenai.xlsx,/home/nacnudus/R/openelections-data-id/csv/20160101__id__general__county.csv
2016,http://www.sos.idaho.gov/ELECT/results/2016/General/County%20Abstracts%20Completed/Latah.xlsx,20160101,general,general,county,Latah.xlsx,/home/nacnudus/R/openelections-data-id/sources/2016/county,/home/nacnudus/R/openelections-data-id/sources/2016/county/Latah.xlsx,/home/nacnudus/R/openelections-data-id/xlsx/2016/county/general,/home/nacnudus/R/openelections-data-id/xlsx/2016/county/general/Latah.xlsx,/home/nacnudus/R/openelections-data-id/csv/20160101__id__general__county.csv
2016,http://www.sos.idaho.gov/ELECT/results/2016/General/County%20Abstracts%20Completed/Lemhi.xlsx,20160101,general,general,county,Lemhi.xlsx,/home/nacnudus/R/openelections-data-id/sources/2016/county,/home/nacnudus/R/openelections-data-id/sources/2016/county/Lemhi.xlsx,/home/nacnudus/R/openelections-data-id/xlsx/2016/county/general,/home/nacnudus/R/openelections-data-id/xlsx/2016/county/general/Lemhi.xlsx,/home/nacnudus/R/openelections-data-id/csv/20160101__id__general__county.csv
2016,http://www.sos.idaho.gov/ELECT/results/2016/General/County%20Abstracts%20Completed/Lewis.xlsx,20160101,general,general,county,Lewis.xlsx,/home/nacnudus/R/openelections-data-id/sources/2016/county,/home/nacnudus/R/openelections-data-id/sources/2016/county/Lewis.xlsx,/home/nacnudus/R/openelections-data-id/xlsx/2016/county/general,/home/nacnudus/R/openelections-data-id/xlsx/2016/county/general/Lewis.xlsx,/home/nacnudus/R/openelections-data-id/csv/20160101__id__general__county.csv
2016,http://www.sos.idaho.gov/ELECT/results/2016/General/County%20Abstracts%20Completed/Lincoln.xlsx,20160101,general,general,county,Lincoln.xlsx,/home/nacnudus/R/openelections-data-id/sources/2016/county,/home/nacnudus/R/openelections-data-id/sources/2016/county/Lincoln.xlsx,/home/nacnudus/R/openelections-data-id/xlsx/2016/county/general,/home/nacnudus/R/openelections-data-id/xlsx/2016/county/general/Lincoln.xlsx,/home/nacnudus/R/openelections-data-id/csv/20160101__id__general__county.csv
2016,http://www.sos.idaho.gov/ELECT/results/2016/General/County%20Abstracts%20Completed/Madison.xlsx,20160101,general,general,county,Madison.xlsx,/home/nacnudus/R/openelections-data-id/sources/2016/county,/home/nacnudus/R/openelections-data-id/sources/2016/county/Madison.xlsx,/home/nacnudus/R/openelections-data-id/xlsx/2016/county/general,/home/nacnudus/R/openelections-data-id/xlsx/2016/county/general/Madison.xlsx,/home/nacnudus/R/openelections-data-id/csv/20160101__id__general__county.csv
2016,http://www.sos.idaho.gov/ELECT/results/2016/General/County%20Abstracts%20Completed/Minidoka.xlsx,20160101,general,general,county,Minidoka.xlsx,/home/nacnudus/R/openelections-data-id/sources/2016/county,/home/nacnudus/R/openelections-data-id/sources/2016/county/Minidoka.xlsx,/home/nacnudus/R/openelections-data-id/xlsx/2016/county/general,/home/nacnudus/R/openelections-data-id/xlsx/2016/county/general/Minidoka.xlsx,/home/nacnudus/R/openelections-data-id/csv/20160101__id__general__county.csv
2016,http://www.sos.idaho.gov/ELECT/results/2016/General/County%20Abstracts%20Completed/Nez%20Perce.xlsx,20160101,general,general,county,Nez%20Perce.xlsx,/home/nacnudus/R/openelections-data-id/sources/2016/county,/home/nacnudus/R/openelections-data-id/sources/2016/county/Nez%20Perce.xlsx,/home/nacnudus/R/openelections-data-id/xlsx/2016/county/general,/home/nacnudus/R/openelections-data-id/xlsx/2016/county/general/Nez%20Perce.xlsx,/home/nacnudus/R/openelections-data-id/csv/20160101__id__general__county.csv
2016,http://www.sos.idaho.gov/ELECT/results/2016/General/County%20Abstracts%20Completed/Oneida.xlsx,20160101,general,general,county,Oneida.xlsx,/home/nacnudus/R/openelections-data-id/sources/2016/county,/home/nacnudus/R/openelections-data-id/sources/2016/county/Oneida.xlsx,/home/nacnudus/R/openelections-data-id/xlsx/2016/county/general,/home/nacnudus/R/openelections-data-id/xlsx/2016/county/general/Oneida.xlsx,/home/nacnudus/R/openelections-data-id/csv/20160101__id__general__county.csv
2016,http://www.sos.idaho.gov/ELECT/results/2016/General/County%20Abstracts%20Completed/Owyhee.xlsx,20160101,general,general,county,Owyhee.xlsx,/home/nacnudus/R/openelections-data-id/sources/2016/county,/home/nacnudus/R/openelections-data-id/sources/2016/county/Owyhee.xlsx,/home/nacnudus/R/openelections-data-id/xlsx/2016/county/general,/home/nacnudus/R/openelections-data-id/xlsx/2016/county/general/Owyhee.xlsx,/home/nacnudus/R/openelections-data-id/csv/20160101__id__general__county.csv
2016,http://www.sos.idaho.gov/ELECT/results/2016/General/County%20Abstracts%20Completed/Payette.xlsx,20160101,general,general,county,Payette.xlsx,/home/nacnudus/R/openelections-data-id/sources/2016/county,/home/nacnudus/R/openelections-data-id/sources/2016/county/Payette.xlsx,/home/nacnudus/R/openelections-data-id/xlsx/2016/county/general,/home/nacnudus/R/openelections-data-id/xlsx/2016/county/general/Payette.xlsx,/home/nacnudus/R/openelections-data-id/csv/20160101__id__general__county.csv
2016,http://www.sos.idaho.gov/ELECT/results/2016/General/County%20Abstracts%20Completed/Power.xlsx,20160101,general,general,county,Power.xlsx,/home/nacnudus/R/openelections-data-id/sources/2016/county,/home/nacnudus/R/openelections-data-id/sources/2016/county/Power.xlsx,/home/nacnudus/R/openelections-data-id/xlsx/2016/county/general,/home/nacnudus/R/openelections-data-id/xlsx/2016/county/general/Power.xlsx,/home/nacnudus/R/openelections-data-id/csv/20160101__id__general__county.csv
2016,http://www.sos.idaho.gov/ELECT/results/2016/General/County%20Abstracts%20Completed/Shoshone.xls,20160101,general,general,county,Shoshone.xls,/home/nacnudus/R/openelections-data-id/sources/2016/county,/home/nacnudus/R/openelections-data-id/sources/2016/county/Shoshone.xls,/home/nacnudus/R/openelections-data-id/xlsx/2016/county/general,/home/nacnudus/R/openelections-data-id/xlsx/2016/county/general/Shoshone.xlsx,/home/nacnudus/R/openelections-data-id/csv/20160101__id__general__county.csv
2016,http://www.sos.idaho.gov/ELECT/results/2016/General/County%20Abstracts%20Completed/Teton.xlsx,20160101,general,general,county,Teton.xlsx,/home/nacnudus/R/openelections-data-id/sources/2016/county,/home/nacnudus/R/openelections-data-id/sources/2016/county/Teton.xlsx,/home/nacnudus/R/openelections-data-id/xlsx/2016/county/general,/home/nacnudus/R/openelections-data-id/xlsx/2016/county/general/Teton.xlsx,/home/nacnudus/R/openelections-data-id/csv/20160101__id__general__county.csv
2016,http://www.sos.idaho.gov/ELECT/results/2016/General/County%20Abstracts%20Completed/Twin%20Falls.xlsx,20160101,general,general,county,Twin%20Falls.xlsx,/home/nacnudus/R/openelections-data-id/sources/2016/county,/home/nacnudus/R/openelections-data-id/sources/2016/county/Twin%20Falls.xlsx,/home/nacnudus/R/openelections-data-id/xlsx/2016/county/general,/home/nacnudus/R/openelections-data-id/xlsx/2016/county/general/Twin%20Falls.xlsx,/home/nacnudus/R/openelections-data-id/csv/20160101__id__general__county.csv
2016,http://www.sos.idaho.gov/ELECT/results/2016/General/County%20Abstracts%20Completed/Valley.xlsx,20160101,general,general,county,Valley.xlsx,/home/nacnudus/R/openelections-data-id/sources/2016/county,/home/nacnudus/R/openelections-data-id/sources/2016/county/Valley.xlsx,/home/nacnudus/R/openelections-data-id/xlsx/2016/county/general,/home/nacnudus/R/openelections-data-id/xlsx/2016/county/general/Valley.xlsx,/home/nacnudus/R/openelections-data-id/csv/20160101__id__general__county.csv
2016,http://www.sos.idaho.gov/ELECT/results/2016/General/County%20Abstracts%20Completed/Washington.xlsx,20160101,general,general,county,Washington.xlsx,/home/nacnudus/R/openelections-data-id/sources/2016/county,/home/nacnudus/R/openelections-data-id/sources/2016/county/Washington.xlsx,/home/nacnudus/R/openelections-data-id/xlsx/2016/county/general,/home/nacnudus/R/openelections-data-id/xlsx/2016/county/general/Washington.xlsx,/home/nacnudus/R/openelections-data-id/csv/20160101__id__general__county.csv
2014,http://www.sos.idaho.gov/ELECT/results/2014/Primary/County%20Abstracts%20Completed/Ada.xlsx,20140101,primary,primary,county,Ada.xlsx,/home/nacnudus/R/openelections-data-id/sources/2014/county,/home/nacnudus/R/openelections-data-id/sources/2014/county/Ada.xlsx,/home/nacnudus/R/openelections-data-id/xlsx/2014/county/primary,/home/nacnudus/R/openelections-data-id/xlsx/2014/county/primary/Ada.xlsx,/home/nacnudus/R/openelections-data-id/csv/20140101__id__primary__county.csv
2014,http://www.sos.idaho.gov/ELECT/results/2014/Primary/County%20Abstracts%20Completed/Adams.xls,20140101,primary,primary,county,Adams.xls,/home/nacnudus/R/openelections-data-id/sources/2014/county,/home/nacnudus/R/openelections-data-id/sources/2014/county/Adams.xls,/home/nacnudus/R/openelections-data-id/xlsx/2014/county/primary,/home/nacnudus/R/openelections-data-id/xlsx/2014/county/primary/Adams.xlsx,/home/nacnudus/R/openelections-data-id/csv/20140101__id__primary__county.csv
2014,http://www.sos.idaho.gov/ELECT/results/2014/Primary/County%20Abstracts%20Completed/Bannock.xls,20140101,primary,primary,county,Bannock.xls,/home/nacnudus/R/openelections-data-id/sources/2014/county,/home/nacnudus/R/openelections-data-id/sources/2014/county/Bannock.xls,/home/nacnudus/R/openelections-data-id/xlsx/2014/county/primary,/home/nacnudus/R/openelections-data-id/xlsx/2014/county/primary/Bannock.xlsx,/home/nacnudus/R/openelections-data-id/csv/20140101__id__primary__county.csv
2014,http://www.sos.idaho.gov/ELECT/results/2014/Primary/County%20Abstracts%20Completed/Bear%20Lake.xls,20140101,primary,primary,county,Bear%20Lake.xls,/home/nacnudus/R/openelections-data-id/sources/2014/county,/home/nacnudus/R/openelections-data-id/sources/2014/county/Bear%20Lake.xls,/home/nacnudus/R/openelections-data-id/xlsx/2014/county/primary,/home/nacnudus/R/openelections-data-id/xlsx/2014/county/primary/Bear%20Lake.xlsx,/home/nacnudus/R/openelections-data-id/csv/20140101__id__primary__county.csv
2014,http://www.sos.idaho.gov/ELECT/results/2014/Primary/County%20Abstracts%20Completed/Benewah.xls,20140101,primary,primary,county,Benewah.xls,/home/nacnudus/R/openelections-data-id/sources/2014/county,/home/nacnudus/R/openelections-data-id/sources/2014/county/Benewah.xls,/home/nacnudus/R/openelections-data-id/xlsx/2014/county/primary,/home/nacnudus/R/openelections-data-id/xlsx/2014/county/primary/Benewah.xlsx,/home/nacnudus/R/openelections-data-id/csv/20140101__id__primary__county.csv
2014,http://www.sos.idaho.gov/ELECT/results/2014/Primary/County%20Abstracts%20Completed/Bingham.xls,20140101,primary,primary,county,Bingham.xls,/home/nacnudus/R/openelections-data-id/sources/2014/county,/home/nacnudus/R/openelections-data-id/sources/2014/county/Bingham.xls,/home/nacnudus/R/openelections-data-id/xlsx/2014/county/primary,/home/nacnudus/R/openelections-data-id/xlsx/2014/county/primary/Bingham.xlsx,/home/nacnudus/R/openelections-data-id/csv/20140101__id__primary__county.csv
2014,http://www.sos.idaho.gov/ELECT/results/2014/Primary/County%20Abstracts%20Completed/Blaine.xls,20140101,primary,primary,county,Blaine.xls,/home/nacnudus/R/openelections-data-id/sources/2014/county,/home/nacnudus/R/openelections-data-id/sources/2014/county/Blaine.xls,/home/nacnudus/R/openelections-data-id/xlsx/2014/county/primary,/home/nacnudus/R/openelections-data-id/xlsx/2014/county/primary/Blaine.xlsx,/home/nacnudus/R/openelections-data-id/csv/20140101__id__primary__county.csv
2014,http://www.sos.idaho.gov/ELECT/results/2014/Primary/County%20Abstracts%20Completed/Boise.xls,20140101,primary,primary,county,Boise.xls,/home/nacnudus/R/openelections-data-id/sources/2014/county,/home/nacnudus/R/openelections-data-id/sources/2014/county/Boise.xls,/home/nacnudus/R/openelections-data-id/xlsx/2014/county/primary,/home/nacnudus/R/openelections-data-id/xlsx/2014/county/primary/Boise.xlsx,/home/nacnudus/R/openelections-data-id/csv/20140101__id__primary__county.csv
2014,http://www.sos.idaho.gov/ELECT/results/2014/Primary/County%20Abstracts%20Completed/Bonner.xlsx,20140101,primary,primary,county,Bonner.xlsx,/home/nacnudus/R/openelections-data-id/sources/2014/county,/home/nacnudus/R/openelections-data-id/sources/2014/county/Bonner.xlsx,/home/nacnudus/R/openelections-data-id/xlsx/2014/county/primary,/home/nacnudus/R/openelections-data-id/xlsx/2014/county/primary/Bonner.xlsx,/home/nacnudus/R/openelections-data-id/csv/20140101__id__primary__county.csv
2014,http://www.sos.idaho.gov/ELECT/results/2014/Primary/County%20Abstracts%20Completed/Bonneville.xls,20140101,primary,primary,county,Bonneville.xls,/home/nacnudus/R/openelections-data-id/sources/2014/county,/home/nacnudus/R/openelections-data-id/sources/2014/county/Bonneville.xls,/home/nacnudus/R/openelections-data-id/xlsx/2014/county/primary,/home/nacnudus/R/openelections-data-id/xlsx/2014/county/primary/Bonneville.xlsx,/home/nacnudus/R/openelections-data-id/csv/20140101__id__primary__county.csv
2014,http://www.sos.idaho.gov/ELECT/results/2014/Primary/County%20Abstracts%20Completed/Boundary.xls,20140101,primary,primary,county,Boundary.xls,/home/nacnudus/R/openelections-data-id/sources/2014/county,/home/nacnudus/R/openelections-data-id/sources/2014/county/Boundary.xls,/home/nacnudus/R/openelections-data-id/xlsx/2014/county/primary,/home/nacnudus/R/openelections-data-id/xlsx/2014/county/primary/Boundary.xlsx,/home/nacnudus/R/openelections-data-id/csv/20140101__id__primary__county.csv
2014,http://www.sos.idaho.gov/ELECT/results/2014/Primary/County%20Abstracts%20Completed/Butte.xls,20140101,primary,primary,county,Butte.xls,/home/nacnudus/R/openelections-data-id/sources/2014/county,/home/nacnudus/R/openelections-data-id/sources/2014/county/Butte.xls,/home/nacnudus/R/openelections-data-id/xlsx/2014/county/primary,/home/nacnudus/R/openelections-data-id/xlsx/2014/county/primary/Butte.xlsx,/home/nacnudus/R/openelections-data-id/csv/20140101__id__primary__county.csv
2014,http://www.sos.idaho.gov/ELECT/results/2014/Primary/County%20Abstracts%20Completed/Camas.xls,20140101,primary,primary,county,Camas.xls,/home/nacnudus/R/openelections-data-id/sources/2014/county,/home/nacnudus/R/openelections-data-id/sources/2014/county/Camas.xls,/home/nacnudus/R/openelections-data-id/xlsx/2014/county/primary,/home/nacnudus/R/openelections-data-id/xlsx/2014/county/primary/Camas.xlsx,/home/nacnudus/R/openelections-data-id/csv/20140101__id__primary__county.csv
2014,http://www.sos.idaho.gov/ELECT/results/2014/Primary/County%20Abstracts%20Completed/Canyon.xls,20140101,primary,primary,county,Canyon.xls,/home/nacnudus/R/openelections-data-id/sources/2014/county,/home/nacnudus/R/openelections-data-id/sources/2014/county/Canyon.xls,/home/nacnudus/R/openelections-data-id/xlsx/2014/county/primary,/home/nacnudus/R/openelections-data-id/xlsx/2014/county/primary/Canyon.xlsx,/home/nacnudus/R/openelections-data-id/csv/20140101__id__primary__county.csv
2014,http://www.sos.idaho.gov/ELECT/results/2014/Primary/County%20Abstracts%20Completed/Caribou.xlsx,20140101,primary,primary,county,Caribou.xlsx,/home/nacnudus/R/openelections-data-id/sources/2014/county,/home/nacnudus/R/openelections-data-id/sources/2014/county/Caribou.xlsx,/home/nacnudus/R/openelections-data-id/xlsx/2014/county/primary,/home/nacnudus/R/openelections-data-id/xlsx/2014/county/primary/Caribou.xlsx,/home/nacnudus/R/openelections-data-id/csv/20140101__id__primary__county.csv
2014,http://www.sos.idaho.gov/ELECT/results/2014/Primary/County%20Abstracts%20Completed/Cassia.xls,20140101,primary,primary,county,Cassia.xls,/home/nacnudus/R/openelections-data-id/sources/2014/county,/home/nacnudus/R/openelections-data-id/sources/2014/county/Cassia.xls,/home/nacnudus/R/openelections-data-id/xlsx/2014/county/primary,/home/nacnudus/R/openelections-data-id/xlsx/2014/county/primary/Cassia.xlsx,/home/nacnudus/R/openelections-data-id/csv/20140101__id__primary__county.csv
2014,http://www.sos.idaho.gov/ELECT/results/2014/Primary/County%20Abstracts%20Completed/Clark.xls,20140101,primary,primary,county,Clark.xls,/home/nacnudus/R/openelections-data-id/sources/2014/county,/home/nacnudus/R/openelections-data-id/sources/2014/county/Clark.xls,/home/nacnudus/R/openelections-data-id/xlsx/2014/county/primary,/home/nacnudus/R/openelections-data-id/xlsx/2014/county/primary/Clark.xlsx,/home/nacnudus/R/openelections-data-id/csv/20140101__id__primary__county.csv
2014,http://www.sos.idaho.gov/ELECT/results/2014/Primary/County%20Abstracts%20Completed/Clearwater.xls,20140101,primary,primary,county,Clearwater.xls,/home/nacnudus/R/openelections-data-id/sources/2014/county,/home/nacnudus/R/openelections-data-id/sources/2014/county/Clearwater.xls,/home/nacnudus/R/openelections-data-id/xlsx/2014/county/primary,/home/nacnudus/R/openelections-data-id/xlsx/2014/county/primary/Clearwater.xlsx,/home/nacnudus/R/openelections-data-id/csv/20140101__id__primary__county.csv
2014,http://www.sos.idaho.gov/ELECT/results/2014/Primary/County%20Abstracts%20Completed/Custer.xls,20140101,primary,primary,county,Custer.xls,/home/nacnudus/R/openelections-data-id/sources/2014/county,/home/nacnudus/R/openelections-data-id/sources/2014/county/Custer.xls,/home/nacnudus/R/openelections-data-id/xlsx/2014/county/primary,/home/nacnudus/R/openelections-data-id/xlsx/2014/county/primary/Custer.xlsx,/home/nacnudus/R/openelections-data-id/csv/20140101__id__primary__county.csv
2014,http://www.sos.idaho.gov/ELECT/results/2014/Primary/County%20Abstracts%20Completed/Elmore.xls,20140101,primary,primary,county,Elmore.xls,/home/nacnudus/R/openelections-data-id/sources/2014/county,/home/nacnudus/R/openelections-data-id/sources/2014/county/Elmore.xls,/home/nacnudus/R/openelections-data-id/xlsx/2014/county/primary,/home/nacnudus/R/openelections-data-id/xlsx/2014/county/primary/Elmore.xlsx,/home/nacnudus/R/openelections-data-id/csv/20140101__id__primary__county.csv
2014,http://www.sos.idaho.gov/ELECT/results/2014/Primary/County%20Abstracts%20Completed/Franklin.xls,20140101,primary,primary,county,Franklin.xls,/home/nacnudus/R/openelections-data-id/sources/2014/county,/home/nacnudus/R/openelections-data-id/sources/2014/county/Franklin.xls,/home/nacnudus/R/openelections-data-id/xlsx/2014/county/primary,/home/nacnudus/R/openelections-data-id/xlsx/2014/county/primary/Franklin.xlsx,/home/nacnudus/R/openelections-data-id/csv/20140101__id__primary__county.csv
2014,http://www.sos.idaho.gov/ELECT/results/2014/Primary/County%20Abstracts%20Completed/Fremont.xls,20140101,primary,primary,county,Fremont.xls,/home/nacnudus/R/openelections-data-id/sources/2014/county,/home/nacnudus/R/openelections-data-id/sources/2014/county/Fremont.xls,/home/nacnudus/R/openelections-data-id/xlsx/2014/county/primary,/home/nacnudus/R/openelections-data-id/xlsx/2014/county/primary/Fremont.xlsx,/home/nacnudus/R/openelections-data-id/csv/20140101__id__primary__county.csv
2014,http://www.sos.idaho.gov/ELECT/results/2014/Primary/County%20Abstracts%20Completed/Gem.xls,20140101,primary,primary,county,Gem.xls,/home/nacnudus/R/openelections-data-id/sources/2014/county,/home/nacnudus/R/openelections-data-id/sources/2014/county/Gem.xls,/home/nacnudus/R/openelections-data-id/xlsx/2014/county/primary,/home/nacnudus/R/openelections-data-id/xlsx/2014/county/primary/Gem.xlsx,/home/nacnudus/R/openelections-data-id/csv/20140101__id__primary__county.csv
2014,http://www.sos.idaho.gov/ELECT/results/2014/Primary/County%20Abstracts%20Completed/Gooding.xls,20140101,primary,primary,county,Gooding.xls,/home/nacnudus/R/openelections-data-id/sources/2014/county,/home/nacnudus/R/openelections-data-id/sources/2014/county/Gooding.xls,/home/nacnudus/R/openelections-data-id/xlsx/2014/county/primary,/home/nacnudus/R/openelections-data-id/xlsx/2014/county/primary/Gooding.xlsx,/home/nacnudus/R/openelections-data-id/csv/20140101__id__primary__county.csv
2014,http://www.sos.idaho.gov/ELECT/results/2014/Primary/County%20Abstracts%20Completed/Idaho.xls,20140101,primary,primary,county,Idaho.xls,/home/nacnudus/R/openelections-data-id/sources/2014/county,/home/nacnudus/R/openelections-data-id/sources/2014/county/Idaho.xls,/home/nacnudus/R/openelections-data-id/xlsx/2014/county/primary,/home/nacnudus/R/openelections-data-id/xlsx/2014/county/primary/Idaho.xlsx,/home/nacnudus/R/openelections-data-id/csv/20140101__id__primary__county.csv
2014,http://www.sos.idaho.gov/ELECT/results/2014/Primary/County%20Abstracts%20Completed/Jefferson.xls,20140101,primary,primary,county,Jefferson.xls,/home/nacnudus/R/openelections-data-id/sources/2014/county,/home/nacnudus/R/openelections-data-id/sources/2014/county/Jefferson.xls,/home/nacnudus/R/openelections-data-id/xlsx/2014/county/primary,/home/nacnudus/R/openelections-data-id/xlsx/2014/county/primary/Jefferson.xlsx,/home/nacnudus/R/openelections-data-id/csv/20140101__id__primary__county.csv
2014,http://www.sos.idaho.gov/ELECT/results/2014/Primary/County%20Abstracts%20Completed/Jerome.xls,20140101,primary,primary,county,Jerome.xls,/home/nacnudus/R/openelections-data-id/sources/2014/county,/home/nacnudus/R/openelections-data-id/sources/2014/county/Jerome.xls,/home/nacnudus/R/openelections-data-id/xlsx/2014/county/primary,/home/nacnudus/R/openelections-data-id/xlsx/2014/county/primary/Jerome.xlsx,/home/nacnudus/R/openelections-data-id/csv/20140101__id__primary__county.csv
2014,http://www.sos.idaho.gov/ELECT/results/2014/Primary/County%20Abstracts%20Completed/Kootenai.xls,20140101,primary,primary,county,Kootenai.xls,/home/nacnudus/R/openelections-data-id/sources/2014/county,/home/nacnudus/R/openelections-data-id/sources/2014/county/Kootenai.xls,/home/nacnudus/R/openelections-data-id/xlsx/2014/county/primary,/home/nacnudus/R/openelections-data-id/xlsx/2014/county/primary/Kootenai.xlsx,/home/nacnudus/R/openelections-data-id/csv/20140101__id__primary__county.csv
2014,http://www.sos.idaho.gov/ELECT/results/2014/Primary/County%20Abstracts%20Completed/Latah.xls,20140101,primary,primary,county,Latah.xls,/home/nacnudus/R/openelections-data-id/sources/2014/county,/home/nacnudus/R/openelections-data-id/sources/2014/county/Latah.xls,/home/nacnudus/R/openelections-data-id/xlsx/2014/county/primary,/home/nacnudus/R/openelections-data-id/xlsx/2014/county/primary/Latah.xlsx,/home/nacnudus/R/openelections-data-id/csv/20140101__id__primary__county.csv
2014,http://www.sos.idaho.gov/ELECT/results/2014/Primary/County%20Abstracts%20Completed/Lemhi.xls,20140101,primary,primary,county,Lemhi.xls,/home/nacnudus/R/openelections-data-id/sources/2014/county,/home/nacnudus/R/openelections-data-id/sources/2014/county/Lemhi.xls,/home/nacnudus/R/openelections-data-id/xlsx/2014/county/primary,/home/nacnudus/R/openelections-data-id/xlsx/2014/county/primary/Lemhi.xlsx,/home/nacnudus/R/openelections-data-id/csv/20140101__id__primary__county.csv
2014,http://www.sos.idaho.gov/ELECT/results/2014/Primary/County%20Abstracts%20Completed/Lewis.xls,20140101,primary,primary,county,Lewis.xls,/home/nacnudus/R/openelections-data-id/sources/2014/county,/home/nacnudus/R/openelections-data-id/sources/2014/county/Lewis.xls,/home/nacnudus/R/openelections-data-id/xlsx/2014/county/primary,/home/nacnudus/R/openelections-data-id/xlsx/2014/county/primary/Lewis.xlsx,/home/nacnudus/R/openelections-data-id/csv/20140101__id__primary__county.csv
2014,http://www.sos.idaho.gov/ELECT/results/2014/Primary/County%20Abstracts%20Completed/Lincoln.xls,20140101,primary,primary,county,Lincoln.xls,/home/nacnudus/R/openelections-data-id/sources/2014/county,/home/nacnudus/R/openelections-data-id/sources/2014/county/Lincoln.xls,/home/nacnudus/R/openelections-data-id/xlsx/2014/county/primary,/home/nacnudus/R/openelections-data-id/xlsx/2014/county/primary/Lincoln.xlsx,/home/nacnudus/R/openelections-data-id/csv/20140101__id__primary__county.csv
2014,http://www.sos.idaho.gov/ELECT/results/2014/Primary/County%20Abstracts%20Completed/Madison.xls,20140101,primary,primary,county,Madison.xls,/home/nacnudus/R/openelections-data-id/sources/2014/county,/home/nacnudus/R/openelections-data-id/sources/2014/county/Madison.xls,/home/nacnudus/R/openelections-data-id/xlsx/2014/county/primary,/home/nacnudus/R/openelections-data-id/xlsx/2014/county/primary/Madison.xlsx,/home/nacnudus/R/openelections-data-id/csv/20140101__id__primary__county.csv
2014,http://www.sos.idaho.gov/ELECT/results/2014/Primary/County%20Abstracts%20Completed/Minidoka.xls,20140101,primary,primary,county,Minidoka.xls,/home/nacnudus/R/openelections-data-id/sources/2014/county,/home/nacnudus/R/openelections-data-id/sources/2014/county/Minidoka.xls,/home/nacnudus/R/openelections-data-id/xlsx/2014/county/primary,/home/nacnudus/R/openelections-data-id/xlsx/2014/county/primary/Minidoka.xlsx,/home/nacnudus/R/openelections-data-id/csv/20140101__id__primary__county.csv
2014,http://www.sos.idaho.gov/ELECT/results/2014/Primary/County%20Abstracts%20Completed/Nez%20Perce.xls,20140101,primary,primary,county,Nez%20Perce.xls,/home/nacnudus/R/openelections-data-id/sources/2014/county,/home/nacnudus/R/openelections-data-id/sources/2014/county/Nez%20Perce.xls,/home/nacnudus/R/openelections-data-id/xlsx/2014/county/primary,/home/nacnudus/R/openelections-data-id/xlsx/2014/county/primary/Nez%20Perce.xlsx,/home/nacnudus/R/openelections-data-id/csv/20140101__id__primary__county.csv
2014,http://www.sos.idaho.gov/ELECT/results/2014/Primary/County%20Abstracts%20Completed/Oneida.xls,20140101,primary,primary,county,Oneida.xls,/home/nacnudus/R/openelections-data-id/sources/2014/county,/home/nacnudus/R/openelections-data-id/sources/2014/county/Oneida.xls,/home/nacnudus/R/openelections-data-id/xlsx/2014/county/primary,/home/nacnudus/R/openelections-data-id/xlsx/2014/county/primary/Oneida.xlsx,/home/nacnudus/R/openelections-data-id/csv/20140101__id__primary__county.csv
2014,http://www.sos.idaho.gov/ELECT/results/2014/Primary/County%20Abstracts%20Completed/Owyhee.xls,20140101,primary,primary,county,Owyhee.xls,/home/nacnudus/R/openelections-data-id/sources/2014/county,/home/nacnudus/R/openelections-data-id/sources/2014/county/Owyhee.xls,/home/nacnudus/R/openelections-data-id/xlsx/2014/county/primary,/home/nacnudus/R/openelections-data-id/xlsx/2014/county/primary/Owyhee.xlsx,/home/nacnudus/R/openelections-data-id/csv/20140101__id__primary__county.csv
2014,http://www.sos.idaho.gov/ELECT/results/2014/Primary/County%20Abstracts%20Completed/Payette.xls,20140101,primary,primary,county,Payette.xls,/home/nacnudus/R/openelections-data-id/sources/2014/county,/home/nacnudus/R/openelections-data-id/sources/2014/county/Payette.xls,/home/nacnudus/R/openelections-data-id/xlsx/2014/county/primary,/home/nacnudus/R/openelections-data-id/xlsx/2014/county/primary/Payette.xlsx,/home/nacnudus/R/openelections-data-id/csv/20140101__id__primary__county.csv
2014,http://www.sos.idaho.gov/ELECT/results/2014/Primary/County%20Abstracts%20Completed/Power.xls,20140101,primary,primary,county,Power.xls,/home/nacnudus/R/openelections-data-id/sources/2014/county,/home/nacnudus/R/openelections-data-id/sources/2014/county/Power.xls,/home/nacnudus/R/openelections-data-id/xlsx/2014/county/primary,/home/nacnudus/R/openelections-data-id/xlsx/2014/county/primary/Power.xlsx,/home/nacnudus/R/openelections-data-id/csv/20140101__id__primary__county.csv
2014,http://www.sos.idaho.gov/ELECT/results/2014/Primary/County%20Abstracts%20Completed/Shoshone.xls,20140101,primary,primary,county,Shoshone.xls,/home/nacnudus/R/openelections-data-id/sources/2014/county,/home/nacnudus/R/openelections-data-id/sources/2014/county/Shoshone.xls,/home/nacnudus/R/openelections-data-id/xlsx/2014/county/primary,/home/nacnudus/R/openelections-data-id/xlsx/2014/county/primary/Shoshone.xlsx,/home/nacnudus/R/openelections-data-id/csv/20140101__id__primary__county.csv
2014,http://www.sos.idaho.gov/ELECT/results/2014/Primary/County%20Abstracts%20Completed/Teton.xls,20140101,primary,primary,county,Teton.xls,/home/nacnudus/R/openelections-data-id/sources/2014/county,/home/nacnudus/R/openelections-data-id/sources/2014/county/Teton.xls,/home/nacnudus/R/openelections-data-id/xlsx/2014/county/primary,/home/nacnudus/R/openelections-data-id/xlsx/2014/county/primary/Teton.xlsx,/home/nacnudus/R/openelections-data-id/csv/20140101__id__primary__county.csv
2014,http://www.sos.idaho.gov/ELECT/results/2014/Primary/County%20Abstracts%20Completed/Twin%20Falls.xls,20140101,primary,primary,county,Twin%20Falls.xls,/home/nacnudus/R/openelections-data-id/sources/2014/county,/home/nacnudus/R/openelections-data-id/sources/2014/county/Twin%20Falls.xls,/home/nacnudus/R/openelections-data-id/xlsx/2014/county/primary,/home/nacnudus/R/openelections-data-id/xlsx/2014/county/primary/Twin%20Falls.xlsx,/home/nacnudus/R/openelections-data-id/csv/20140101__id__primary__county.csv
2014,http://www.sos.idaho.gov/ELECT/results/2014/Primary/County%20Abstracts%20Completed/Valley.xls,20140101,primary,primary,county,Valley.xls,/home/nacnudus/R/openelections-data-id/sources/2014/county,/home/nacnudus/R/openelections-data-id/sources/2014/county/Valley.xls,/home/nacnudus/R/openelections-data-id/xlsx/2014/county/primary,/home/nacnudus/R/openelections-data-id/xlsx/2014/county/primary/Valley.xlsx,/home/nacnudus/R/openelections-data-id/csv/20140101__id__primary__county.csv
2014,http://www.sos.idaho.gov/ELECT/results/2014/Primary/County%20Abstracts%20Completed/Washington.xls,20140101,primary,primary,county,Washington.xls,/home/nacnudus/R/openelections-data-id/sources/2014/county,/home/nacnudus/R/openelections-data-id/sources/2014/county/Washington.xls,/home/nacnudus/R/openelections-data-id/xlsx/2014/county/primary,/home/nacnudus/R/openelections-data-id/xlsx/2014/county/primary/Washington.xlsx,/home/nacnudus/R/openelections-data-id/csv/20140101__id__primary__county.csv
2014,http://www.sos.idaho.gov/ELECT/results/2014/General/CountyAbstractsCompleted/Ada.xlsx,20140101,general,general,county,Ada.xlsx,/home/nacnudus/R/openelections-data-id/sources/2014/county,/home/nacnudus/R/openelections-data-id/sources/2014/county/Ada.xlsx,/home/nacnudus/R/openelections-data-id/xlsx/2014/county/general,/home/nacnudus/R/openelections-data-id/xlsx/2014/county/general/Ada.xlsx,/home/nacnudus/R/openelections-data-id/csv/20140101__id__general__county.csv
2014,http://www.sos.idaho.gov/ELECT/results/2014/General/CountyAbstractsCompleted/Adams.xls,20140101,general,general,county,Adams.xls,/home/nacnudus/R/openelections-data-id/sources/2014/county,/home/nacnudus/R/openelections-data-id/sources/2014/county/Adams.xls,/home/nacnudus/R/openelections-data-id/xlsx/2014/county/general,/home/nacnudus/R/openelections-data-id/xlsx/2014/county/general/Adams.xlsx,/home/nacnudus/R/openelections-data-id/csv/20140101__id__general__county.csv
2014,http://www.sos.idaho.gov/ELECT/results/2014/General/CountyAbstractsCompleted/Bannock.xls,20140101,general,general,county,Bannock.xls,/home/nacnudus/R/openelections-data-id/sources/2014/county,/home/nacnudus/R/openelections-data-id/sources/2014/county/Bannock.xls,/home/nacnudus/R/openelections-data-id/xlsx/2014/county/general,/home/nacnudus/R/openelections-data-id/xlsx/2014/county/general/Bannock.xlsx,/home/nacnudus/R/openelections-data-id/csv/20140101__id__general__county.csv
2014,http://www.sos.idaho.gov/ELECT/results/2014/General/CountyAbstractsCompleted/Bear%20Lake.xls,20140101,general,general,county,Bear%20Lake.xls,/home/nacnudus/R/openelections-data-id/sources/2014/county,/home/nacnudus/R/openelections-data-id/sources/2014/county/Bear%20Lake.xls,/home/nacnudus/R/openelections-data-id/xlsx/2014/county/general,/home/nacnudus/R/openelections-data-id/xlsx/2014/county/general/Bear%20Lake.xlsx,/home/nacnudus/R/openelections-data-id/csv/20140101__id__general__county.csv
2014,http://www.sos.idaho.gov/ELECT/results/2014/General/CountyAbstractsCompleted/Benewah.xls,20140101,general,general,county,Benewah.xls,/home/nacnudus/R/openelections-data-id/sources/2014/county,/home/nacnudus/R/openelections-data-id/sources/2014/county/Benewah.xls,/home/nacnudus/R/openelections-data-id/xlsx/2014/county/general,/home/nacnudus/R/openelections-data-id/xlsx/2014/county/general/Benewah.xlsx,/home/nacnudus/R/openelections-data-id/csv/20140101__id__general__county.csv
2014,http://www.sos.idaho.gov/ELECT/results/2014/General/CountyAbstractsCompleted/Bingham.xls,20140101,general,general,county,Bingham.xls,/home/nacnudus/R/openelections-data-id/sources/2014/county,/home/nacnudus/R/openelections-data-id/sources/2014/county/Bingham.xls,/home/nacnudus/R/openelections-data-id/xlsx/2014/county/general,/home/nacnudus/R/openelections-data-id/xlsx/2014/county/general/Bingham.xlsx,/home/nacnudus/R/openelections-data-id/csv/20140101__id__general__county.csv
2014,http://www.sos.idaho.gov/ELECT/results/2014/General/CountyAbstractsCompleted/Blaine.xls,20140101,general,general,county,Blaine.xls,/home/nacnudus/R/openelections-data-id/sources/2014/county,/home/nacnudus/R/openelections-data-id/sources/2014/county/Blaine.xls,/home/nacnudus/R/openelections-data-id/xlsx/2014/county/general,/home/nacnudus/R/openelections-data-id/xlsx/2014/county/general/Blaine.xlsx,/home/nacnudus/R/openelections-data-id/csv/20140101__id__general__county.csv
2014,http://www.sos.idaho.gov/ELECT/results/2014/General/CountyAbstractsCompleted/Boise.xls,20140101,general,general,county,Boise.xls,/home/nacnudus/R/openelections-data-id/sources/2014/county,/home/nacnudus/R/openelections-data-id/sources/2014/county/Boise.xls,/home/nacnudus/R/openelections-data-id/xlsx/2014/county/general,/home/nacnudus/R/openelections-data-id/xlsx/2014/county/general/Boise.xlsx,/home/nacnudus/R/openelections-data-id/csv/20140101__id__general__county.csv
2014,http://www.sos.idaho.gov/ELECT/results/2014/General/CountyAbstractsCompleted/Bonner.xlsx,20140101,general,general,county,Bonner.xlsx,/home/nacnudus/R/openelections-data-id/sources/2014/county,/home/nacnudus/R/openelections-data-id/sources/2014/county/Bonner.xlsx,/home/nacnudus/R/openelections-data-id/xlsx/2014/county/general,/home/nacnudus/R/openelections-data-id/xlsx/2014/county/general/Bonner.xlsx,/home/nacnudus/R/openelections-data-id/csv/20140101__id__general__county.csv
2014,http://www.sos.idaho.gov/ELECT/results/2014/General/CountyAbstractsCompleted/Bonneville.xls,20140101,general,general,county,Bonneville.xls,/home/nacnudus/R/openelections-data-id/sources/2014/county,/home/nacnudus/R/openelections-data-id/sources/2014/county/Bonneville.xls,/home/nacnudus/R/openelections-data-id/xlsx/2014/county/general,/home/nacnudus/R/openelections-data-id/xlsx/2014/county/general/Bonneville.xlsx,/home/nacnudus/R/openelections-data-id/csv/20140101__id__general__county.csv
2014,http://www.sos.idaho.gov/ELECT/results/2014/General/CountyAbstractsCompleted/Boundary.xls,20140101,general,general,county,Boundary.xls,/home/nacnudus/R/openelections-data-id/sources/2014/county,/home/nacnudus/R/openelections-data-id/sources/2014/county/Boundary.xls,/home/nacnudus/R/openelections-data-id/xlsx/2014/county/general,/home/nacnudus/R/openelections-data-id/xlsx/2014/county/general/Boundary.xlsx,/home/nacnudus/R/openelections-data-id/csv/20140101__id__general__county.csv
2014,http://www.sos.idaho.gov/ELECT/results/2014/General/CountyAbstractsCompleted/Butte.xls,20140101,general,general,county,Butte.xls,/home/nacnudus/R/openelections-data-id/sources/2014/county,/home/nacnudus/R/openelections-data-id/sources/2014/county/Butte.xls,/home/nacnudus/R/openelections-data-id/xlsx/2014/county/general,/home/nacnudus/R/openelections-data-id/xlsx/2014/county/general/Butte.xlsx,/home/nacnudus/R/openelections-data-id/csv/20140101__id__general__county.csv
2014,http://www.sos.idaho.gov/ELECT/results/2014/General/CountyAbstractsCompleted/Camas.xls,20140101,general,general,county,Camas.xls,/home/nacnudus/R/openelections-data-id/sources/2014/county,/home/nacnudus/R/openelections-data-id/sources/2014/county/Camas.xls,/home/nacnudus/R/openelections-data-id/xlsx/2014/county/general,/home/nacnudus/R/openelections-data-id/xlsx/2014/county/general/Camas.xlsx,/home/nacnudus/R/openelections-data-id/csv/20140101__id__general__county.csv
2014,http://www.sos.idaho.gov/ELECT/results/2014/General/CountyAbstractsCompleted/Canyon.xls,20140101,general,general,county,Canyon.xls,/home/nacnudus/R/openelections-data-id/sources/2014/county,/home/nacnudus/R/openelections-data-id/sources/2014/county/Canyon.xls,/home/nacnudus/R/openelections-data-id/xlsx/2014/county/general,/home/nacnudus/R/openelections-data-id/xlsx/2014/county/general/Canyon.xlsx,/home/nacnudus/R/openelections-data-id/csv/20140101__id__general__county.csv
2014,http://www.sos.idaho.gov/ELECT/results/2014/General/CountyAbstractsCompleted/Caribou.xlsx,20140101,general,general,county,Caribou.xlsx,/home/nacnudus/R/openelections-data-id/sources/2014/county,/home/nacnudus/R/openelections-data-id/sources/2014/county/Caribou.xlsx,/home/nacnudus/R/openelections-data-id/xlsx/2014/county/general,/home/nacnudus/R/openelections-data-id/xlsx/2014/county/general/Caribou.xlsx,/home/nacnudus/R/openelections-data-id/csv/20140101__id__general__county.csv
2014,http://www.sos.idaho.gov/ELECT/results/2014/General/CountyAbstractsCompleted/Cassia.xls,20140101,general,general,county,Cassia.xls,/home/nacnudus/R/openelections-data-id/sources/2014/county,/home/nacnudus/R/openelections-data-id/sources/2014/county/Cassia.xls,/home/nacnudus/R/openelections-data-id/xlsx/2014/county/general,/home/nacnudus/R/openelections-data-id/xlsx/2014/county/general/Cassia.xlsx,/home/nacnudus/R/openelections-data-id/csv/20140101__id__general__county.csv
2014,http://www.sos.idaho.gov/ELECT/results/2014/General/CountyAbstractsCompleted/Clark.xls,20140101,general,general,county,Clark.xls,/home/nacnudus/R/openelections-data-id/sources/2014/county,/home/nacnudus/R/openelections-data-id/sources/2014/county/Clark.xls,/home/nacnudus/R/openelections-data-id/xlsx/2014/county/general,/home/nacnudus/R/openelections-data-id/xlsx/2014/county/general/Clark.xlsx,/home/nacnudus/R/openelections-data-id/csv/20140101__id__general__county.csv
2014,http://www.sos.idaho.gov/ELECT/results/2014/General/CountyAbstractsCompleted/Clearwater.xls,20140101,general,general,county,Clearwater.xls,/home/nacnudus/R/openelections-data-id/sources/2014/county,/home/nacnudus/R/openelections-data-id/sources/2014/county/Clearwater.xls,/home/nacnudus/R/openelections-data-id/xlsx/2014/county/general,/home/nacnudus/R/openelections-data-id/xlsx/2014/county/general/Clearwater.xlsx,/home/nacnudus/R/openelections-data-id/csv/20140101__id__general__county.csv
2014,http://www.sos.idaho.gov/ELECT/results/2014/General/CountyAbstractsCompleted/Custer.xls,20140101,general,general,county,Custer.xls,/home/nacnudus/R/openelections-data-id/sources/2014/county,/home/nacnudus/R/openelections-data-id/sources/2014/county/Custer.xls,/home/nacnudus/R/openelections-data-id/xlsx/2014/county/general,/home/nacnudus/R/openelections-data-id/xlsx/2014/county/general/Custer.xlsx,/home/nacnudus/R/openelections-data-id/csv/20140101__id__general__county.csv
2014,http://www.sos.idaho.gov/ELECT/results/2014/General/CountyAbstractsCompleted/Elmore.xls,20140101,general,general,county,Elmore.xls,/home/nacnudus/R/openelections-data-id/sources/2014/county,/home/nacnudus/R/openelections-data-id/sources/2014/county/Elmore.xls,/home/nacnudus/R/openelections-data-id/xlsx/2014/county/general,/home/nacnudus/R/openelections-data-id/xlsx/2014/county/general/Elmore.xlsx,/home/nacnudus/R/openelections-data-id/csv/20140101__id__general__county.csv
2014,http://www.sos.idaho.gov/ELECT/results/2014/General/CountyAbstractsCompleted/Franklin.xls,20140101,general,general,county,Franklin.xls,/home/nacnudus/R/openelections-data-id/sources/2014/county,/home/nacnudus/R/openelections-data-id/sources/2014/county/Franklin.xls,/home/nacnudus/R/openelections-data-id/xlsx/2014/county/general,/home/nacnudus/R/openelections-data-id/xlsx/2014/county/general/Franklin.xlsx,/home/nacnudus/R/openelections-data-id/csv/20140101__id__general__county.csv
2014,http://www.sos.idaho.gov/ELECT/results/2014/General/CountyAbstractsCompleted/Fremont.xls,20140101,general,general,county,Fremont.xls,/home/nacnudus/R/openelections-data-id/sources/2014/county,/home/nacnudus/R/openelections-data-id/sources/2014/county/Fremont.xls,/home/nacnudus/R/openelections-data-id/xlsx/2014/county/general,/home/nacnudus/R/openelections-data-id/xlsx/2014/county/general/Fremont.xlsx,/home/nacnudus/R/openelections-data-id/csv/20140101__id__general__county.csv
2014,http://www.sos.idaho.gov/ELECT/results/2014/General/CountyAbstractsCompleted/Gem.xls,20140101,general,general,county,Gem.xls,/home/nacnudus/R/openelections-data-id/sources/2014/county,/home/nacnudus/R/openelections-data-id/sources/2014/county/Gem.xls,/home/nacnudus/R/openelections-data-id/xlsx/2014/county/general,/home/nacnudus/R/openelections-data-id/xlsx/2014/county/general/Gem.xlsx,/home/nacnudus/R/openelections-data-id/csv/20140101__id__general__county.csv
2014,http://www.sos.idaho.gov/ELECT/results/2014/General/CountyAbstractsCompleted/Gooding.xls,20140101,general,general,county,Gooding.xls,/home/nacnudus/R/openelections-data-id/sources/2014/county,/home/nacnudus/R/openelections-data-id/sources/2014/county/Gooding.xls,/home/nacnudus/R/openelections-data-id/xlsx/2014/county/general,/home/nacnudus/R/openelections-data-id/xlsx/2014/county/general/Gooding.xlsx,/home/nacnudus/R/openelections-data-id/csv/20140101__id__general__county.csv
2014,http://www.sos.idaho.gov/ELECT/results/2014/General/CountyAbstractsCompleted/Idaho.xls,20140101,general,general,county,Idaho.xls,/home/nacnudus/R/openelections-data-id/sources/2014/county,/home/nacnudus/R/openelections-data-id/sources/2014/county/Idaho.xls,/home/nacnudus/R/openelections-data-id/xlsx/2014/county/general,/home/nacnudus/R/openelections-data-id/xlsx/2014/county/general/Idaho.xlsx,/home/nacnudus/R/openelections-data-id/csv/20140101__id__general__county.csv
2014,http://www.sos.idaho.gov/ELECT/results/2014/General/CountyAbstractsCompleted/Jefferson.xls,20140101,general,general,county,Jefferson.xls,/home/nacnudus/R/openelections-data-id/sources/2014/county,/home/nacnudus/R/openelections-data-id/sources/2014/county/Jefferson.xls,/home/nacnudus/R/openelections-data-id/xlsx/2014/county/general,/home/nacnudus/R/openelections-data-id/xlsx/2014/county/general/Jefferson.xlsx,/home/nacnudus/R/openelections-data-id/csv/20140101__id__general__county.csv
2014,http://www.sos.idaho.gov/ELECT/results/2014/General/CountyAbstractsCompleted/Jerome.xls,20140101,general,general,county,Jerome.xls,/home/nacnudus/R/openelections-data-id/sources/2014/county,/home/nacnudus/R/openelections-data-id/sources/2014/county/Jerome.xls,/home/nacnudus/R/openelections-data-id/xlsx/2014/county/general,/home/nacnudus/R/openelections-data-id/xlsx/2014/county/general/Jerome.xlsx,/home/nacnudus/R/openelections-data-id/csv/20140101__id__general__county.csv
2014,http://www.sos.idaho.gov/ELECT/results/2014/General/CountyAbstractsCompleted/Kootenai.xls,20140101,general,general,county,Kootenai.xls,/home/nacnudus/R/openelections-data-id/sources/2014/county,/home/nacnudus/R/openelections-data-id/sources/2014/county/Kootenai.xls,/home/nacnudus/R/openelections-data-id/xlsx/2014/county/general,/home/nacnudus/R/openelections-data-id/xlsx/2014/county/general/Kootenai.xlsx,/home/nacnudus/R/openelections-data-id/csv/20140101__id__general__county.csv
2014,http://www.sos.idaho.gov/ELECT/results/2014/General/CountyAbstractsCompleted/Latah.xls,20140101,general,general,county,Latah.xls,/home/nacnudus/R/openelections-data-id/sources/2014/county,/home/nacnudus/R/openelections-data-id/sources/2014/county/Latah.xls,/home/nacnudus/R/openelections-data-id/xlsx/2014/county/general,/home/nacnudus/R/openelections-data-id/xlsx/2014/county/general/Latah.xlsx,/home/nacnudus/R/openelections-data-id/csv/20140101__id__general__county.csv
2014,http://www.sos.idaho.gov/ELECT/results/2014/General/CountyAbstractsCompleted/Lemhi.xls,20140101,general,general,county,Lemhi.xls,/home/nacnudus/R/openelections-data-id/sources/2014/county,/home/nacnudus/R/openelections-data-id/sources/2014/county/Lemhi.xls,/home/nacnudus/R/openelections-data-id/xlsx/2014/county/general,/home/nacnudus/R/openelections-data-id/xlsx/2014/county/general/Lemhi.xlsx,/home/nacnudus/R/openelections-data-id/csv/20140101__id__general__county.csv
2014,http://www.sos.idaho.gov/ELECT/results/2014/General/CountyAbstractsCompleted/Lewis.xls,20140101,general,general,county,Lewis.xls,/home/nacnudus/R/openelections-data-id/sources/2014/county,/home/nacnudus/R/openelections-data-id/sources/2014/county/Lewis.xls,/home/nacnudus/R/openelections-data-id/xlsx/2014/county/general,/home/nacnudus/R/openelections-data-id/xlsx/2014/county/general/Lewis.xlsx,/home/nacnudus/R/openelections-data-id/csv/20140101__id__general__county.csv
2014,http://www.sos.idaho.gov/ELECT/results/2014/General/CountyAbstractsCompleted/Lincoln.xls,20140101,general,general,county,Lincoln.xls,/home/nacnudus/R/openelections-data-id/sources/2014/county,/home/nacnudus/R/openelections-data-id/sources/2014/county/Lincoln.xls,/home/nacnudus/R/openelections-data-id/xlsx/2014/county/general,/home/nacnudus/R/openelections-data-id/xlsx/2014/county/general/Lincoln.xlsx,/home/nacnudus/R/openelections-data-id/csv/20140101__id__general__county.csv
2014,http://www.sos.idaho.gov/ELECT/results/2014/General/CountyAbstractsCompleted/Madison.xls,20140101,general,general,county,Madison.xls,/home/nacnudus/R/openelections-data-id/sources/2014/county,/home/nacnudus/R/openelections-data-id/sources/2014/county/Madison.xls,/home/nacnudus/R/openelections-data-id/xlsx/2014/county/general,/home/nacnudus/R/openelections-data-id/xlsx/2014/county/general/Madison.xlsx,/home/nacnudus/R/openelections-data-id/csv/20140101__id__general__county.csv
2014,http://www.sos.idaho.gov/ELECT/results/2014/General/CountyAbstractsCompleted/Minidoka.xls,20140101,general,general,county,Minidoka.xls,/home/nacnudus/R/openelections-data-id/sources/2014/county,/home/nacnudus/R/openelections-data-id/sources/2014/county/Minidoka.xls,/home/nacnudus/R/openelections-data-id/xlsx/2014/county/general,/home/nacnudus/R/openelections-data-id/xlsx/2014/county/general/Minidoka.xlsx,/home/nacnudus/R/openelections-data-id/csv/20140101__id__general__county.csv
2014,http://www.sos.idaho.gov/ELECT/results/2014/General/CountyAbstractsCompleted/Nez%20Perce.xls,20140101,general,general,county,Nez%20Perce.xls,/home/nacnudus/R/openelections-data-id/sources/2014/county,/home/nacnudus/R/openelections-data-id/sources/2014/county/Nez%20Perce.xls,/home/nacnudus/R/openelections-data-id/xlsx/2014/county/general,/home/nacnudus/R/openelections-data-id/xlsx/2014/county/general/Nez%20Perce.xlsx,/home/nacnudus/R/openelections-data-id/csv/20140101__id__general__county.csv
2014,http://www.sos.idaho.gov/ELECT/results/2014/General/CountyAbstractsCompleted/Oneida.xls,20140101,general,general,county,Oneida.xls,/home/nacnudus/R/openelections-data-id/sources/2014/county,/home/nacnudus/R/openelections-data-id/sources/2014/county/Oneida.xls,/home/nacnudus/R/openelections-data-id/xlsx/2014/county/general,/home/nacnudus/R/openelections-data-id/xlsx/2014/county/general/Oneida.xlsx,/home/nacnudus/R/openelections-data-id/csv/20140101__id__general__county.csv
2014,http://www.sos.idaho.gov/ELECT/results/2014/General/CountyAbstractsCompleted/Owyhee.xls,20140101,general,general,county,Owyhee.xls,/home/nacnudus/R/openelections-data-id/sources/2014/county,/home/nacnudus/R/openelections-data-id/sources/2014/county/Owyhee.xls,/home/nacnudus/R/openelections-data-id/xlsx/2014/county/general,/home/nacnudus/R/openelections-data-id/xlsx/2014/county/general/Owyhee.xlsx,/home/nacnudus/R/openelections-data-id/csv/20140101__id__general__county.csv
2014,http://www.sos.idaho.gov/ELECT/results/2014/General/CountyAbstractsCompleted/Payette.xls,20140101,general,general,county,Payette.xls,/home/nacnudus/R/openelections-data-id/sources/2014/county,/home/nacnudus/R/openelections-data-id/sources/2014/county/Payette.xls,/home/nacnudus/R/openelections-data-id/xlsx/2014/county/general,/home/nacnudus/R/openelections-data-id/xlsx/2014/county/general/Payette.xlsx,/home/nacnudus/R/openelections-data-id/csv/20140101__id__general__county.csv
2014,http://www.sos.idaho.gov/ELECT/results/2014/General/CountyAbstractsCompleted/Power.xls,20140101,general,general,county,Power.xls,/home/nacnudus/R/openelections-data-id/sources/2014/county,/home/nacnudus/R/openelections-data-id/sources/2014/county/Power.xls,/home/nacnudus/R/openelections-data-id/xlsx/2014/county/general,/home/nacnudus/R/openelections-data-id/xlsx/2014/county/general/Power.xlsx,/home/nacnudus/R/openelections-data-id/csv/20140101__id__general__county.csv
2014,http://www.sos.idaho.gov/ELECT/results/2014/General/CountyAbstractsCompleted/Shoshone.xls,20140101,general,general,county,Shoshone.xls,/home/nacnudus/R/openelections-data-id/sources/2014/county,/home/nacnudus/R/openelections-data-id/sources/2014/county/Shoshone.xls,/home/nacnudus/R/openelections-data-id/xlsx/2014/county/general,/home/nacnudus/R/openelections-data-id/xlsx/2014/county/general/Shoshone.xlsx,/home/nacnudus/R/openelections-data-id/csv/20140101__id__general__county.csv
2014,http://www.sos.idaho.gov/ELECT/results/2014/General/CountyAbstractsCompleted/Teton.xls,20140101,general,general,county,Teton.xls,/home/nacnudus/R/openelections-data-id/sources/2014/county,/home/nacnudus/R/openelections-data-id/sources/2014/county/Teton.xls,/home/nacnudus/R/openelections-data-id/xlsx/2014/county/general,/home/nacnudus/R/openelections-data-id/xlsx/2014/county/general/Teton.xlsx,/home/nacnudus/R/openelections-data-id/csv/20140101__id__general__county.csv
2014,http://www.sos.idaho.gov/ELECT/results/2014/General/CountyAbstractsCompleted/Twin%20Falls.xls,20140101,general,general,county,Twin%20Falls.xls,/home/nacnudus/R/openelections-data-id/sources/2014/county,/home/nacnudus/R/openelections-data-id/sources/2014/county/Twin%20Falls.xls,/home/nacnudus/R/openelections-data-id/xlsx/2014/county/general,/home/nacnudus/R/openelections-data-id/xlsx/2014/county/general/Twin%20Falls.xlsx,/home/nacnudus/R/openelections-data-id/csv/20140101__id__general__county.csv
2014,http://www.sos.idaho.gov/ELECT/results/2014/General/CountyAbstractsCompleted/Valley.xls,20140101,general,general,county,Valley.xls,/home/nacnudus/R/openelections-data-id/sources/2014/county,/home/nacnudus/R/openelections-data-id/sources/2014/county/Valley.xls,/home/nacnudus/R/openelections-data-id/xlsx/2014/county/general,/home/nacnudus/R/openelections-data-id/xlsx/2014/county/general/Valley.xlsx,/home/nacnudus/R/openelections-data-id/csv/20140101__id__general__county.csv
2014,http://www.sos.idaho.gov/ELECT/results/2014/General/CountyAbstractsCompleted/Washington.xls,20140101,general,general,county,Washington.xls,/home/nacnudus/R/openelections-data-id/sources/2014/county,/home/nacnudus/R/openelections-data-id/sources/2014/county/Washington.xls,/home/nacnudus/R/openelections-data-id/xlsx/2014/county/general,/home/nacnudus/R/openelections-data-id/xlsx/2014/county/general/Washington.xlsx,/home/nacnudus/R/openelections-data-id/csv/20140101__id__general__county.csv
