county,office,district,party,candidate,votes
Ada,President,NA,IND,Darrell L. Castle,1019
Adams,President,NA,IND,Darrell L. Castle,12
Bannock,President,NA,IND,Darrell L. Castle,240
Bear Lake,President,NA,IND,Darrell L. Castle,22
Benewah,President,NA,IND,Darrell L. Castle,30
Bingham,President,NA,IND,Darrell L. Castle,144
Blaine,President,NA,IND,Darrell L. Castle,35
Boise,President,NA,IND,Darrell L. Castle,22
Bonner,President,NA,IND,Darrell L. Castle,116
Bonneville,President,NA,IND,Darrell L. Castle,272
Boundary,President,NA,IND,Darrell L. Castle,33
Butte,President,NA,IND,Darrell L. Castle,4
Camas,President,NA,IND,Darrell L. Castle,6
Canyon,President,NA,IND,Darrell L. Castle,433
Caribou,President,NA,IND,Darrell L. Castle,20
Cassia,President,NA,IND,Darrell L. Castle,56
Clark,President,NA,IND,Darrell L. Castle,4
Clearwater,President,NA,IND,Darrell L. Castle,18
Custer,President,NA,IND,Darrell L. Castle,12
Elmore,President,NA,IND,Darrell L. Castle,50
Franklin,President,NA,IND,Darrell L. Castle,112
Fremont,President,NA,IND,Darrell L. Castle,36
Gem,President,NA,IND,Darrell L. Castle,41
Gooding,President,NA,IND,Darrell L. Castle,42
Idaho,President,NA,IND,Darrell L. Castle,57
Jefferson,President,NA,IND,Darrell L. Castle,101
Jerome,President,NA,IND,Darrell L. Castle,46
Kootenai,President,NA,IND,Darrell L. Castle,372
Latah,President,NA,IND,Darrell L. Castle,320
Lemhi,President,NA,IND,Darrell L. Castle,19
Lewis,President,NA,IND,Darrell L. Castle,18
Lincoln,President,NA,IND,Darrell L. Castle,18
Madison,President,NA,IND,Darrell L. Castle,136
Minidoka,President,NA,IND,Darrell L. Castle,47
Nez Perce,President,NA,IND,Darrell L. Castle,119
Oneida,President,NA,IND,Darrell L. Castle,23
Owyhee,President,NA,IND,Darrell L. Castle,22
Payette,President,NA,IND,Darrell L. Castle,42
Power,President,NA,IND,Darrell L. Castle,19
Shoshone,President,NA,IND,Darrell L. Castle,45
Teton,President,NA,IND,Darrell L. Castle,27
Twin Falls,President,NA,IND,Darrell L. Castle,142
Valley,President,NA,IND,Darrell L. Castle,26
Washington,President,NA,IND,Darrell L. Castle,25
Ada,President,NA,DEM,Hillary Rodham Clinton,75677
Adams,President,NA,DEM,Hillary Rodham Clinton,415
Bannock,President,NA,DEM,Hillary Rodham Clinton,10342
Bear Lake,President,NA,DEM,Hillary Rodham Clinton,255
Benewah,President,NA,DEM,Hillary Rodham Clinton,770
Bingham,President,NA,DEM,Hillary Rodham Clinton,2924
Blaine,President,NA,DEM,Hillary Rodham Clinton,6416
Boise,President,NA,DEM,Hillary Rodham Clinton,777
Bonner,President,NA,DEM,Hillary Rodham Clinton,5819
Bonneville,President,NA,DEM,Hillary Rodham Clinton,8930
Boundary,President,NA,DEM,Hillary Rodham Clinton,933
Butte,President,NA,DEM,Hillary Rodham Clinton,160
Camas,President,NA,DEM,Hillary Rodham Clinton,110
Canyon,President,NA,DEM,Hillary Rodham Clinton,16883
Caribou,President,NA,DEM,Hillary Rodham Clinton,271
Cassia,President,NA,DEM,Hillary Rodham Clinton,1036
Clark,President,NA,DEM,Hillary Rodham Clinton,44
Clearwater,President,NA,DEM,Hillary Rodham Clinton,704
Custer,President,NA,DEM,Hillary Rodham Clinton,427
Elmore,President,NA,DEM,Hillary Rodham Clinton,1814
Franklin,President,NA,DEM,Hillary Rodham Clinton,385
Fremont,President,NA,DEM,Hillary Rodham Clinton,651
Gem,President,NA,DEM,Hillary Rodham Clinton,1229
Gooding,President,NA,DEM,Hillary Rodham Clinton,930
Idaho,President,NA,DEM,Hillary Rodham Clinton,1196
Jefferson,President,NA,DEM,Hillary Rodham Clinton,976
Jerome,President,NA,DEM,Hillary Rodham Clinton,1329
Kootenai,President,NA,DEM,Hillary Rodham Clinton,16264
Latah,President,NA,DEM,Hillary Rodham Clinton,8093
Lemhi,President,NA,DEM,Hillary Rodham Clinton,733
Lewis,President,NA,DEM,Hillary Rodham Clinton,270
Lincoln,President,NA,DEM,Hillary Rodham Clinton,360
Madison,President,NA,DEM,Hillary Rodham Clinton,1201
Minidoka,President,NA,DEM,Hillary Rodham Clinton,1167
Nez Perce,President,NA,DEM,Hillary Rodham Clinton,4828
Oneida,President,NA,DEM,Hillary Rodham Clinton,184
Owyhee,President,NA,DEM,Hillary Rodham Clinton,591
Payette,President,NA,DEM,Hillary Rodham Clinton,1507
Power,President,NA,DEM,Hillary Rodham Clinton,699
Shoshone,President,NA,DEM,Hillary Rodham Clinton,1384
Teton,President,NA,DEM,Hillary Rodham Clinton,2159
Twin Falls,President,NA,DEM,Hillary Rodham Clinton,6233
Valley,President,NA,DEM,Hillary Rodham Clinton,1913
Washington,President,NA,DEM,Hillary Rodham Clinton,776
Ada,President,NA,CON,Scott Copeland,481
Adams,President,NA,CON,Scott Copeland,11
Bannock,President,NA,CON,Scott Copeland,125
Bear Lake,President,NA,CON,Scott Copeland,15
Benewah,President,NA,CON,Scott Copeland,17
Bingham,President,NA,CON,Scott Copeland,73
Blaine,President,NA,CON,Scott Copeland,23
Boise,President,NA,CON,Scott Copeland,13
Bonner,President,NA,CON,Scott Copeland,84
Bonneville,President,NA,CON,Scott Copeland,169
Boundary,President,NA,CON,Scott Copeland,29
Butte,President,NA,CON,Scott Copeland,4
Camas,President,NA,CON,Scott Copeland,2
Canyon,President,NA,CON,Scott Copeland,261
Caribou,President,NA,CON,Scott Copeland,14
Cassia,President,NA,CON,Scott Copeland,28
Clark,President,NA,CON,Scott Copeland,4
Clearwater,President,NA,CON,Scott Copeland,8
Custer,President,NA,CON,Scott Copeland,9
Elmore,President,NA,CON,Scott Copeland,33
Franklin,President,NA,CON,Scott Copeland,38
Fremont,President,NA,CON,Scott Copeland,30
Gem,President,NA,CON,Scott Copeland,30
Gooding,President,NA,CON,Scott Copeland,27
Idaho,President,NA,CON,Scott Copeland,47
Jefferson,President,NA,CON,Scott Copeland,50
Jerome,President,NA,CON,Scott Copeland,27
Kootenai,President,NA,CON,Scott Copeland,210
Latah,President,NA,CON,Scott Copeland,73
Lemhi,President,NA,CON,Scott Copeland,16
Lewis,President,NA,CON,Scott Copeland,6
Lincoln,President,NA,CON,Scott Copeland,6
Madison,President,NA,CON,Scott Copeland,43
Minidoka,President,NA,CON,Scott Copeland,26
Nez Perce,President,NA,CON,Scott Copeland,74
Oneida,President,NA,CON,Scott Copeland,18
Owyhee,President,NA,CON,Scott Copeland,9
Payette,President,NA,CON,Scott Copeland,29
Power,President,NA,CON,Scott Copeland,12
Shoshone,President,NA,CON,Scott Copeland,22
Teton,President,NA,CON,Scott Copeland,5
Twin Falls,President,NA,CON,Scott Copeland,120
Valley,President,NA,CON,Scott Copeland,13
Washington,President,NA,CON,Scott Copeland,22
Ada,President,NA,IND,Rocky De La Fuente,349
Adams,President,NA,IND,Rocky De La Fuente,7
Bannock,President,NA,IND,Rocky De La Fuente,80
Bear Lake,President,NA,IND,Rocky De La Fuente,2
Benewah,President,NA,IND,Rocky De La Fuente,10
Bingham,President,NA,IND,Rocky De La Fuente,34
Blaine,President,NA,IND,Rocky De La Fuente,20
Boise,President,NA,IND,Rocky De La Fuente,7
Bonner,President,NA,IND,Rocky De La Fuente,33
Bonneville,President,NA,IND,Rocky De La Fuente,87
Boundary,President,NA,IND,Rocky De La Fuente,7
Butte,President,NA,IND,Rocky De La Fuente,2
Camas,President,NA,IND,Rocky De La Fuente,0
Canyon,President,NA,IND,Rocky De La Fuente,175
Caribou,President,NA,IND,Rocky De La Fuente,4
Cassia,President,NA,IND,Rocky De La Fuente,17
Clark,President,NA,IND,Rocky De La Fuente,0
Clearwater,President,NA,IND,Rocky De La Fuente,12
Custer,President,NA,IND,Rocky De La Fuente,9
Elmore,President,NA,IND,Rocky De La Fuente,21
Franklin,President,NA,IND,Rocky De La Fuente,4
Fremont,President,NA,IND,Rocky De La Fuente,8
Gem,President,NA,IND,Rocky De La Fuente,17
Gooding,President,NA,IND,Rocky De La Fuente,16
Idaho,President,NA,IND,Rocky De La Fuente,14
Jefferson,President,NA,IND,Rocky De La Fuente,19
Jerome,President,NA,IND,Rocky De La Fuente,16
Kootenai,President,NA,IND,Rocky De La Fuente,86
Latah,President,NA,IND,Rocky De La Fuente,49
Lemhi,President,NA,IND,Rocky De La Fuente,9
Lewis,President,NA,IND,Rocky De La Fuente,2
Lincoln,President,NA,IND,Rocky De La Fuente,6
Madison,President,NA,IND,Rocky De La Fuente,16
Minidoka,President,NA,IND,Rocky De La Fuente,32
Nez Perce,President,NA,IND,Rocky De La Fuente,41
Oneida,President,NA,IND,Rocky De La Fuente,1
Owyhee,President,NA,IND,Rocky De La Fuente,8
Payette,President,NA,IND,Rocky De La Fuente,17
Power,President,NA,IND,Rocky De La Fuente,11
Shoshone,President,NA,IND,Rocky De La Fuente,12
Teton,President,NA,IND,Rocky De La Fuente,7
Twin Falls,President,NA,IND,Rocky De La Fuente,83
Valley,President,NA,IND,Rocky De La Fuente,14
Washington,President,NA,IND,Rocky De La Fuente,9
Ada,President,NA,LIB,Gary Johnson,9984
Adams,President,NA,LIB,Gary Johnson,83
Bannock,President,NA,LIB,Gary Johnson,1471
Bear Lake,President,NA,LIB,Gary Johnson,54
Benewah,President,NA,LIB,Gary Johnson,151
Bingham,President,NA,LIB,Gary Johnson,417
Blaine,President,NA,LIB,Gary Johnson,424
Boise,President,NA,LIB,Gary Johnson,173
Bonner,President,NA,LIB,Gary Johnson,762
Bonneville,President,NA,LIB,Gary Johnson,1634
Boundary,President,NA,LIB,Gary Johnson,161
Butte,President,NA,LIB,Gary Johnson,25
Camas,President,NA,LIB,Gary Johnson,23
Canyon,President,NA,LIB,Gary Johnson,2778
Caribou,President,NA,LIB,Gary Johnson,64
Cassia,President,NA,LIB,Gary Johnson,202
Clark,President,NA,LIB,Gary Johnson,4
Clearwater,President,NA,LIB,Gary Johnson,97
Custer,President,NA,LIB,Gary Johnson,67
Elmore,President,NA,LIB,Gary Johnson,332
Franklin,President,NA,LIB,Gary Johnson,117
Fremont,President,NA,LIB,Gary Johnson,127
Gem,President,NA,LIB,Gary Johnson,241
Gooding,President,NA,LIB,Gary Johnson,110
Idaho,President,NA,LIB,Gary Johnson,254
Jefferson,President,NA,LIB,Gary Johnson,274
Jerome,President,NA,LIB,Gary Johnson,218
Kootenai,President,NA,LIB,Gary Johnson,2604
Latah,President,NA,LIB,Gary Johnson,1197
Lemhi,President,NA,LIB,Gary Johnson,138
Lewis,President,NA,LIB,Gary Johnson,62
Lincoln,President,NA,LIB,Gary Johnson,54
Madison,President,NA,LIB,Gary Johnson,612
Minidoka,President,NA,LIB,Gary Johnson,207
Nez Perce,President,NA,LIB,Gary Johnson,879
Oneida,President,NA,LIB,Gary Johnson,37
Owyhee,President,NA,LIB,Gary Johnson,108
Payette,President,NA,LIB,Gary Johnson,247
Power,President,NA,LIB,Gary Johnson,92
Shoshone,President,NA,LIB,Gary Johnson,219
Teton,President,NA,LIB,Gary Johnson,184
Twin Falls,President,NA,LIB,Gary Johnson,1076
Valley,President,NA,LIB,Gary Johnson,230
Washington,President,NA,LIB,Gary Johnson,138
Ada,President,NA,IND,Evan McMullin,11226
Adams,President,NA,IND,Evan McMullin,80
Bannock,President,NA,IND,Evan McMullin,3449
Bear Lake,President,NA,IND,Evan McMullin,366
Benewah,President,NA,IND,Evan McMullin,61
Bingham,President,NA,IND,Evan McMullin,2002
Blaine,President,NA,IND,Evan McMullin,289
Boise,President,NA,IND,Evan McMullin,112
Bonner,President,NA,IND,Evan McMullin,372
Bonneville,President,NA,IND,Evan McMullin,6022
Boundary,President,NA,IND,Evan McMullin,130
Butte,President,NA,IND,Evan McMullin,114
Camas,President,NA,IND,Evan McMullin,33
Canyon,President,NA,IND,Evan McMullin,4216
Caribou,President,NA,IND,Evan McMullin,372
Cassia,President,NA,IND,Evan McMullin,853
Clark,President,NA,IND,Evan McMullin,23
Clearwater,President,NA,IND,Evan McMullin,72
Custer,President,NA,IND,Evan McMullin,82
Elmore,President,NA,IND,Evan McMullin,376
Franklin,President,NA,IND,Evan McMullin,912
Fremont,President,NA,IND,Evan McMullin,751
Gem,President,NA,IND,Evan McMullin,357
Gooding,President,NA,IND,Evan McMullin,293
Idaho,President,NA,IND,Evan McMullin,165
Jefferson,President,NA,IND,Evan McMullin,1560
Jerome,President,NA,IND,Evan McMullin,419
Kootenai,President,NA,IND,Evan McMullin,1557
Latah,President,NA,IND,Evan McMullin,696
Lemhi,President,NA,IND,Evan McMullin,139
Lewis,President,NA,IND,Evan McMullin,17
Lincoln,President,NA,IND,Evan McMullin,102
Madison,President,NA,IND,Evan McMullin,4669
Minidoka,President,NA,IND,Evan McMullin,463
Nez Perce,President,NA,IND,Evan McMullin,352
Oneida,President,NA,IND,Evan McMullin,271
Owyhee,President,NA,IND,Evan McMullin,108
Payette,President,NA,IND,Evan McMullin,314
Power,President,NA,IND,Evan McMullin,233
Shoshone,President,NA,IND,Evan McMullin,87
Teton,President,NA,IND,Evan McMullin,327
Twin Falls,President,NA,IND,Evan McMullin,2065
Valley,President,NA,IND,Evan McMullin,194
Washington,President,NA,IND,Evan McMullin,175
Ada,President,NA,IND,Jill Stein,3138
Adams,President,NA,IND,Jill Stein,19
Bannock,President,NA,IND,Jill Stein,518
Bear Lake,President,NA,IND,Jill Stein,11
Benewah,President,NA,IND,Jill Stein,42
Bingham,President,NA,IND,Jill Stein,124
Blaine,President,NA,IND,Jill Stein,176
Boise,President,NA,IND,Jill Stein,35
Bonner,President,NA,IND,Jill Stein,396
Bonneville,President,NA,IND,Jill Stein,399
Boundary,President,NA,IND,Jill Stein,80
Butte,President,NA,IND,Jill Stein,7
Camas,President,NA,IND,Jill Stein,6
Canyon,President,NA,IND,Jill Stein,797
Caribou,President,NA,IND,Jill Stein,15
Cassia,President,NA,IND,Jill Stein,37
Clark,President,NA,IND,Jill Stein,1
Clearwater,President,NA,IND,Jill Stein,38
Custer,President,NA,IND,Jill Stein,30
Elmore,President,NA,IND,Jill Stein,77
Franklin,President,NA,IND,Jill Stein,30
Fremont,President,NA,IND,Jill Stein,20
Gem,President,NA,IND,Jill Stein,57
Gooding,President,NA,IND,Jill Stein,30
Idaho,President,NA,IND,Jill Stein,52
Jefferson,President,NA,IND,Jill Stein,55
Jerome,President,NA,IND,Jill Stein,52
Kootenai,President,NA,IND,Jill Stein,744
Latah,President,NA,IND,Jill Stein,463
Lemhi,President,NA,IND,Jill Stein,31
Lewis,President,NA,IND,Jill Stein,13
Lincoln,President,NA,IND,Jill Stein,18
Madison,President,NA,IND,Jill Stein,69
Minidoka,President,NA,IND,Jill Stein,41
Nez Perce,President,NA,IND,Jill Stein,203
Oneida,President,NA,IND,Jill Stein,3
Owyhee,President,NA,IND,Jill Stein,26
Payette,President,NA,IND,Jill Stein,59
Power,President,NA,IND,Jill Stein,26
Shoshone,President,NA,IND,Jill Stein,54
Teton,President,NA,IND,Jill Stein,99
Twin Falls,President,NA,IND,Jill Stein,326
Valley,President,NA,IND,Jill Stein,53
Washington,President,NA,IND,Jill Stein,26
Ada,President,NA,REP,Donald J. Trump,93752
Adams,President,NA,REP,Donald J. Trump,1556
Bannock,President,NA,REP,Donald J. Trump,17180
Bear Lake,President,NA,REP,Donald J. Trump,2203
Benewah,President,NA,REP,Donald J. Trump,3103
Bingham,President,NA,REP,Donald J. Trump,10907
Blaine,President,NA,REP,Donald J. Trump,3340
Boise,President,NA,REP,Donald J. Trump,2673
Bonner,President,NA,REP,Donald J. Trump,13343
Bonneville,President,NA,REP,Donald J. Trump,26699
Boundary,President,NA,REP,Donald J. Trump,3789
Butte,President,NA,REP,Donald J. Trump,914
Camas,President,NA,REP,Donald J. Trump,410
Canyon,President,NA,REP,Donald J. Trump,47222
Caribou,President,NA,REP,Donald J. Trump,2275
Cassia,President,NA,REP,Donald J. Trump,5949
Clark,President,NA,REP,Donald J. Trump,203
Clearwater,President,NA,REP,Donald J. Trump,2852
Custer,President,NA,REP,Donald J. Trump,1777
Elmore,President,NA,REP,Donald J. Trump,5816
Franklin,President,NA,REP,Donald J. Trump,3901
Fremont,President,NA,REP,Donald J. Trump,4090
Gem,President,NA,REP,Donald J. Trump,5980
Gooding,President,NA,REP,Donald J. Trump,3743
Idaho,President,NA,REP,Donald J. Trump,6441
Jefferson,President,NA,REP,Donald J. Trump,8436
Jerome,President,NA,REP,Donald J. Trump,4644
Kootenai,President,NA,REP,Donald J. Trump,44449
Latah,President,NA,REP,Donald J. Trump,7265
Lemhi,President,NA,REP,Donald J. Trump,3011
Lewis,President,NA,REP,Donald J. Trump,1202
Lincoln,President,NA,REP,Donald J. Trump,1184
Madison,President,NA,REP,Donald J. Trump,8941
Minidoka,President,NA,REP,Donald J. Trump,4887
Nez Perce,President,NA,REP,Donald J. Trump,10699
Oneida,President,NA,REP,Donald J. Trump,1531
Owyhee,President,NA,REP,Donald J. Trump,3052
Payette,President,NA,REP,Donald J. Trump,6489
Power,President,NA,REP,Donald J. Trump,1666
Shoshone,President,NA,REP,Donald J. Trump,3297
Teton,President,NA,REP,Donald J. Trump,2167
Twin Falls,President,NA,REP,Donald J. Trump,19828
Valley,President,NA,REP,Donald J. Trump,2906
Washington,President,NA,REP,Donald J. Trump,3283
Ada,U.S. Senate,NA,REP,Mike Crapo,104650
Adams,U.S. Senate,NA,REP,Mike Crapo,1463
Bannock,U.S. Senate,NA,REP,Mike Crapo,19883
Bear Lake,U.S. Senate,NA,REP,Mike Crapo,2415
Benewah,U.S. Senate,NA,REP,Mike Crapo,3103
Bingham,U.S. Senate,NA,REP,Mike Crapo,12114
Blaine,U.S. Senate,NA,REP,Mike Crapo,4562
Boise,U.S. Senate,NA,REP,Mike Crapo,2497
Bonner,U.S. Senate,NA,REP,Mike Crapo,13908
Bonneville,U.S. Senate,NA,REP,Mike Crapo,31093
Boundary,U.S. Senate,NA,REP,Mike Crapo,3961
Butte,U.S. Senate,NA,REP,Mike Crapo,948
Camas,U.S. Senate,NA,REP,Mike Crapo,414
Canyon,U.S. Senate,NA,REP,Mike Crapo,50006
Caribou,U.S. Senate,NA,REP,Mike Crapo,2450
Cassia,U.S. Senate,NA,REP,Mike Crapo,6418
Clark,U.S. Senate,NA,REP,Mike Crapo,225
Clearwater,U.S. Senate,NA,REP,Mike Crapo,2865
Custer,U.S. Senate,NA,REP,Mike Crapo,1693
Elmore,U.S. Senate,NA,REP,Mike Crapo,6059
Franklin,U.S. Senate,NA,REP,Mike Crapo,4682
Fremont,U.S. Senate,NA,REP,Mike Crapo,4521
Gem,U.S. Senate,NA,REP,Mike Crapo,5779
Gooding,U.S. Senate,NA,REP,Mike Crapo,3834
Idaho,U.S. Senate,NA,REP,Mike Crapo,6272
Jefferson,U.S. Senate,NA,REP,Mike Crapo,9120
Jerome,U.S. Senate,NA,REP,Mike Crapo,4931
Kootenai,U.S. Senate,NA,REP,Mike Crapo,47636
Latah,U.S. Senate,NA,REP,Mike Crapo,9626
Lemhi,U.S. Senate,NA,REP,Mike Crapo,3013
Lewis,U.S. Senate,NA,REP,Mike Crapo,1239
Lincoln,U.S. Senate,NA,REP,Mike Crapo,1263
Madison,U.S. Senate,NA,REP,Mike Crapo,12826
Minidoka,U.S. Senate,NA,REP,Mike Crapo,5067
Nez Perce,U.S. Senate,NA,REP,Mike Crapo,12188
Oneida,U.S. Senate,NA,REP,Mike Crapo,1719
Owyhee,U.S. Senate,NA,REP,Mike Crapo,2909
Payette,U.S. Senate,NA,REP,Mike Crapo,6480
Power,U.S. Senate,NA,REP,Mike Crapo,1942
Shoshone,U.S. Senate,NA,REP,Mike Crapo,3463
Teton,U.S. Senate,NA,REP,Mike Crapo,2659
Twin Falls,U.S. Senate,NA,REP,Mike Crapo,20701
Valley,U.S. Senate,NA,REP,Mike Crapo,3202
Washington,U.S. Senate,NA,REP,Mike Crapo,3218
Ada,U.S. Senate,NA,DEM,Jerry Sturgill,72847
Adams,U.S. Senate,NA,DEM,Jerry Sturgill,459
Bannock,U.S. Senate,NA,DEM,Jerry Sturgill,11585
Bear Lake,U.S. Senate,NA,DEM,Jerry Sturgill,291
Benewah,U.S. Senate,NA,DEM,Jerry Sturgill,746
Bingham,U.S. Senate,NA,DEM,Jerry Sturgill,2997
Blaine,U.S. Senate,NA,DEM,Jerry Sturgill,5961
Boise,U.S. Senate,NA,DEM,Jerry Sturgill,860
Bonner,U.S. Senate,NA,DEM,Jerry Sturgill,5767
Bonneville,U.S. Senate,NA,DEM,Jerry Sturgill,9158
Boundary,U.S. Senate,NA,DEM,Jerry Sturgill,920
Butte,U.S. Senate,NA,DEM,Jerry Sturgill,185
Camas,U.S. Senate,NA,DEM,Jerry Sturgill,126
Canyon,U.S. Senate,NA,DEM,Jerry Sturgill,17007
Caribou,U.S. Senate,NA,DEM,Jerry Sturgill,350
Cassia,U.S. Senate,NA,DEM,Jerry Sturgill,1011
Clark,U.S. Senate,NA,DEM,Jerry Sturgill,32
Clearwater,U.S. Senate,NA,DEM,Jerry Sturgill,711
Custer,U.S. Senate,NA,DEM,Jerry Sturgill,429
Elmore,U.S. Senate,NA,DEM,Jerry Sturgill,1752
Franklin,U.S. Senate,NA,DEM,Jerry Sturgill,441
Fremont,U.S. Senate,NA,DEM,Jerry Sturgill,692
Gem,U.S. Senate,NA,DEM,Jerry Sturgill,1378
Gooding,U.S. Senate,NA,DEM,Jerry Sturgill,958
Idaho,U.S. Senate,NA,DEM,Jerry Sturgill,1247
Jefferson,U.S. Senate,NA,DEM,Jerry Sturgill,1196
Jerome,U.S. Senate,NA,DEM,Jerry Sturgill,1253
Kootenai,U.S. Senate,NA,DEM,Jerry Sturgill,15365
Latah,U.S. Senate,NA,DEM,Jerry Sturgill,8050
Lemhi,U.S. Senate,NA,DEM,Jerry Sturgill,723
Lewis,U.S. Senate,NA,DEM,Jerry Sturgill,257
Lincoln,U.S. Senate,NA,DEM,Jerry Sturgill,354
Madison,U.S. Senate,NA,DEM,Jerry Sturgill,1473
Minidoka,U.S. Senate,NA,DEM,Jerry Sturgill,1108
Nez Perce,U.S. Senate,NA,DEM,Jerry Sturgill,4621
Oneida,U.S. Senate,NA,DEM,Jerry Sturgill,206
Owyhee,U.S. Senate,NA,DEM,Jerry Sturgill,581
Payette,U.S. Senate,NA,DEM,Jerry Sturgill,1549
Power,U.S. Senate,NA,DEM,Jerry Sturgill,686
Shoshone,U.S. Senate,NA,DEM,Jerry Sturgill,1477
Teton,U.S. Senate,NA,DEM,Jerry Sturgill,2156
Twin Falls,U.S. Senate,NA,DEM,Jerry Sturgill,6559
Valley,U.S. Senate,NA,DEM,Jerry Sturgill,1883
Washington,U.S. Senate,NA,DEM,Jerry Sturgill,842
Ada,U.S. Senate,NA,CON,Ray J. Writz,9646
Adams,U.S. Senate,NA,CON,Ray J. Writz,202
Bannock,U.S. Senate,NA,CON,Ray J. Writz,2181
Bear Lake,U.S. Senate,NA,CON,Ray J. Writz,208
Benewah,U.S. Senate,NA,CON,Ray J. Writz,293
Bingham,U.S. Senate,NA,CON,Ray J. Writz,1401
Blaine,U.S. Senate,NA,CON,Ray J. Writz,226
Boise,U.S. Senate,NA,CON,Ray J. Writz,391
Bonner,U.S. Senate,NA,CON,Ray J. Writz,1029
Bonneville,U.S. Senate,NA,CON,Ray J. Writz,3229
Boundary,U.S. Senate,NA,CON,Ray J. Writz,274
Butte,U.S. Senate,NA,CON,Ray J. Writz,100
Camas,U.S. Senate,NA,CON,Ray J. Writz,36
Canyon,U.S. Senate,NA,CON,Ray J. Writz,5242
Caribou,U.S. Senate,NA,CON,Ray J. Writz,234
Cassia,U.S. Senate,NA,CON,Ray J. Writz,721
Clark,U.S. Senate,NA,CON,Ray J. Writz,23
Clearwater,U.S. Senate,NA,CON,Ray J. Writz,158
Custer,U.S. Senate,NA,CON,Ray J. Writz,253
Elmore,U.S. Senate,NA,CON,Ray J. Writz,610
Franklin,U.S. Senate,NA,CON,Ray J. Writz,365
Fremont,U.S. Senate,NA,CON,Ray J. Writz,498
Gem,U.S. Senate,NA,CON,Ray J. Writz,694
Gooding,U.S. Senate,NA,CON,Ray J. Writz,399
Idaho,U.S. Senate,NA,CON,Ray J. Writz,594
Jefferson,U.S. Senate,NA,CON,Ray J. Writz,1067
Jerome,U.S. Senate,NA,CON,Ray J. Writz,574
Kootenai,U.S. Senate,NA,CON,Ray J. Writz,2945
Latah,U.S. Senate,NA,CON,Ray J. Writz,645
Lemhi,U.S. Senate,NA,CON,Ray J. Writz,309
Lewis,U.S. Senate,NA,CON,Ray J. Writz,102
Lincoln,U.S. Senate,NA,CON,Ray J. Writz,123
Madison,U.S. Senate,NA,CON,Ray J. Writz,1117
Minidoka,U.S. Senate,NA,CON,Ray J. Writz,591
Nez Perce,U.S. Senate,NA,CON,Ray J. Writz,560
Oneida,U.S. Senate,NA,CON,Ray J. Writz,133
Owyhee,U.S. Senate,NA,CON,Ray J. Writz,344
Payette,U.S. Senate,NA,CON,Ray J. Writz,600
Power,U.S. Senate,NA,CON,Ray J. Writz,162
Shoshone,U.S. Senate,NA,CON,Ray J. Writz,205
Teton,U.S. Senate,NA,CON,Ray J. Writz,170
Twin Falls,U.S. Senate,NA,CON,Ray J. Writz,2452
Valley,U.S. Senate,NA,CON,Ray J. Writz,240
Washington,U.S. Senate,NA,CON,Ray J. Writz,331
Ada,U.S. House,1,REP,Raul R. Labrador,65546
Adams,U.S. House,1,REP,Raul R. Labrador,1534
Bannock,U.S. House,1,REP,Raul R. Labrador,NA
Bear Lake,U.S. House,1,REP,Raul R. Labrador,NA
Benewah,U.S. House,1,REP,Raul R. Labrador,3114
Bingham,U.S. House,1,REP,Raul R. Labrador,NA
Blaine,U.S. House,1,REP,Raul R. Labrador,NA
Boise,U.S. House,1,REP,Raul R. Labrador,2599
Bonner,U.S. House,1,REP,Raul R. Labrador,13617
Bonneville,U.S. House,1,REP,Raul R. Labrador,NA
Boundary,U.S. House,1,REP,Raul R. Labrador,3958
Butte,U.S. House,1,REP,Raul R. Labrador,NA
Camas,U.S. House,1,REP,Raul R. Labrador,NA
Canyon,U.S. House,1,REP,Raul R. Labrador,50174
Caribou,U.S. House,1,REP,Raul R. Labrador,NA
Cassia,U.S. House,1,REP,Raul R. Labrador,NA
Clark,U.S. House,1,REP,Raul R. Labrador,NA
Clearwater,U.S. House,1,REP,Raul R. Labrador,2740
Custer,U.S. House,1,REP,Raul R. Labrador,NA
Elmore,U.S. House,1,REP,Raul R. Labrador,NA
Franklin,U.S. House,1,REP,Raul R. Labrador,NA
Fremont,U.S. House,1,REP,Raul R. Labrador,NA
Gem,U.S. House,1,REP,Raul R. Labrador,5893
Gooding,U.S. House,1,REP,Raul R. Labrador,NA
Idaho,U.S. House,1,REP,Raul R. Labrador,6406
Jefferson,U.S. House,1,REP,Raul R. Labrador,NA
Jerome,U.S. House,1,REP,Raul R. Labrador,NA
Kootenai,U.S. House,1,REP,Raul R. Labrador,46330
Latah,U.S. House,1,REP,Raul R. Labrador,9075
Lemhi,U.S. House,1,REP,Raul R. Labrador,NA
Lewis,U.S. House,1,REP,Raul R. Labrador,1217
Lincoln,U.S. House,1,REP,Raul R. Labrador,NA
Madison,U.S. House,1,REP,Raul R. Labrador,NA
Minidoka,U.S. House,1,REP,Raul R. Labrador,NA
Nez Perce,U.S. House,1,REP,Raul R. Labrador,11162
Oneida,U.S. House,1,REP,Raul R. Labrador,NA
Owyhee,U.S. House,1,REP,Raul R. Labrador,3027
Payette,U.S. House,1,REP,Raul R. Labrador,6392
Power,U.S. House,1,REP,Raul R. Labrador,NA
Shoshone,U.S. House,1,REP,Raul R. Labrador,3194
Teton,U.S. House,1,REP,Raul R. Labrador,NA
Twin Falls,U.S. House,1,REP,Raul R. Labrador,NA
Valley,U.S. House,1,REP,Raul R. Labrador,3003
Washington,U.S. House,1,REP,Raul R. Labrador,3271
Ada,U.S. House,1,DEM,James Piotrowski,33138
Adams,U.S. House,1,DEM,James Piotrowski,609
Bannock,U.S. House,1,DEM,James Piotrowski,NA
Bear Lake,U.S. House,1,DEM,James Piotrowski,NA
Benewah,U.S. House,1,DEM,James Piotrowski,1002
Bingham,U.S. House,1,DEM,James Piotrowski,NA
Blaine,U.S. House,1,DEM,James Piotrowski,NA
Boise,U.S. House,1,DEM,James Piotrowski,1158
Bonner,U.S. House,1,DEM,James Piotrowski,6800
Bonneville,U.S. House,1,DEM,James Piotrowski,NA
Boundary,U.S. House,1,DEM,James Piotrowski,1149
Butte,U.S. House,1,DEM,James Piotrowski,NA
Camas,U.S. House,1,DEM,James Piotrowski,NA
Canyon,U.S. House,1,DEM,James Piotrowski,21831
Caribou,U.S. House,1,DEM,James Piotrowski,NA
Cassia,U.S. House,1,DEM,James Piotrowski,NA
Clark,U.S. House,1,DEM,James Piotrowski,NA
Clearwater,U.S. House,1,DEM,James Piotrowski,962
Custer,U.S. House,1,DEM,James Piotrowski,NA
Elmore,U.S. House,1,DEM,James Piotrowski,NA
Franklin,U.S. House,1,DEM,James Piotrowski,NA
Fremont,U.S. House,1,DEM,James Piotrowski,NA
Gem,U.S. House,1,DEM,James Piotrowski,1967
Gooding,U.S. House,1,DEM,James Piotrowski,NA
Idaho,U.S. House,1,DEM,James Piotrowski,1701
Jefferson,U.S. House,1,DEM,James Piotrowski,NA
Jerome,U.S. House,1,DEM,James Piotrowski,NA
Kootenai,U.S. House,1,DEM,James Piotrowski,18880
Latah,U.S. House,1,DEM,James Piotrowski,9073
Lemhi,U.S. House,1,DEM,James Piotrowski,NA
Lewis,U.S. House,1,DEM,James Piotrowski,374
Lincoln,U.S. House,1,DEM,James Piotrowski,NA
Madison,U.S. House,1,DEM,James Piotrowski,NA
Minidoka,U.S. House,1,DEM,James Piotrowski,NA
Nez Perce,U.S. House,1,DEM,James Piotrowski,5990
Oneida,U.S. House,1,DEM,James Piotrowski,NA
Owyhee,U.S. House,1,DEM,James Piotrowski,841
Payette,U.S. House,1,DEM,James Piotrowski,2227
Power,U.S. House,1,DEM,James Piotrowski,NA
Shoshone,U.S. House,1,DEM,James Piotrowski,1887
Teton,U.S. House,1,DEM,James Piotrowski,NA
Twin Falls,U.S. House,1,DEM,James Piotrowski,NA
Valley,U.S. House,1,DEM,James Piotrowski,2324
Washington,U.S. House,1,DEM,James Piotrowski,1139
Ada,U.S. House,1,W/I,Pro-Life,12
Adams,U.S. House,1,W/I,Pro-Life,0
Bannock,U.S. House,1,W/I,Pro-Life,NA
Bear Lake,U.S. House,1,W/I,Pro-Life,NA
Benewah,U.S. House,1,W/I,Pro-Life,0
Bingham,U.S. House,1,W/I,Pro-Life,NA
Blaine,U.S. House,1,W/I,Pro-Life,NA
Boise,U.S. House,1,W/I,Pro-Life,0
Bonner,U.S. House,1,W/I,Pro-Life,0
Bonneville,U.S. House,1,W/I,Pro-Life,NA
Boundary,U.S. House,1,W/I,Pro-Life,0
Butte,U.S. House,1,W/I,Pro-Life,NA
Camas,U.S. House,1,W/I,Pro-Life,NA
Canyon,U.S. House,1,W/I,Pro-Life,14
Caribou,U.S. House,1,W/I,Pro-Life,NA
Cassia,U.S. House,1,W/I,Pro-Life,NA
Clark,U.S. House,1,W/I,Pro-Life,NA
Clearwater,U.S. House,1,W/I,Pro-Life,0
Custer,U.S. House,1,W/I,Pro-Life,NA
Elmore,U.S. House,1,W/I,Pro-Life,NA
Franklin,U.S. House,1,W/I,Pro-Life,NA
Fremont,U.S. House,1,W/I,Pro-Life,NA
Gem,U.S. House,1,W/I,Pro-Life,3
Gooding,U.S. House,1,W/I,Pro-Life,NA
Idaho,U.S. House,1,W/I,Pro-Life,0
Jefferson,U.S. House,1,W/I,Pro-Life,NA
Jerome,U.S. House,1,W/I,Pro-Life,NA
Kootenai,U.S. House,1,W/I,Pro-Life,0
Latah,U.S. House,1,W/I,Pro-Life,0
Lemhi,U.S. House,1,W/I,Pro-Life,NA
Lewis,U.S. House,1,W/I,Pro-Life,0
Lincoln,U.S. House,1,W/I,Pro-Life,NA
Madison,U.S. House,1,W/I,Pro-Life,NA
Minidoka,U.S. House,1,W/I,Pro-Life,NA
Nez Perce,U.S. House,1,W/I,Pro-Life,0
Oneida,U.S. House,1,W/I,Pro-Life,NA
Owyhee,U.S. House,1,W/I,Pro-Life,1
Payette,U.S. House,1,W/I,Pro-Life,23
Power,U.S. House,1,W/I,Pro-Life,NA
Shoshone,U.S. House,1,W/I,Pro-Life,0
Teton,U.S. House,1,W/I,Pro-Life,NA
Twin Falls,U.S. House,1,W/I,Pro-Life,NA
Valley,U.S. House,1,W/I,Pro-Life,0
Washington,U.S. House,1,W/I,Pro-Life,0
Ada,U.S. House,2,DEM,Jennifer Martinez,44551
Adams,U.S. House,2,DEM,Jennifer Martinez,NA
Bannock,U.S. House,2,DEM,Jennifer Martinez,11671
Bear Lake,U.S. House,2,DEM,Jennifer Martinez,322
Benewah,U.S. House,2,DEM,Jennifer Martinez,NA
Bingham,U.S. House,2,DEM,Jennifer Martinez,3049
Blaine,U.S. House,2,DEM,Jennifer Martinez,5640
Boise,U.S. House,2,DEM,Jennifer Martinez,NA
Bonner,U.S. House,2,DEM,Jennifer Martinez,NA
Bonneville,U.S. House,2,DEM,Jennifer Martinez,8699
Boundary,U.S. House,2,DEM,Jennifer Martinez,NA
Butte,U.S. House,2,DEM,Jennifer Martinez,170
Camas,U.S. House,2,DEM,Jennifer Martinez,125
Canyon,U.S. House,2,DEM,Jennifer Martinez,NA
Caribou,U.S. House,2,DEM,Jennifer Martinez,354
Cassia,U.S. House,2,DEM,Jennifer Martinez,1091
Clark,U.S. House,2,DEM,Jennifer Martinez,38
Clearwater,U.S. House,2,DEM,Jennifer Martinez,NA
Custer,U.S. House,2,DEM,Jennifer Martinez,413
Elmore,U.S. House,2,DEM,Jennifer Martinez,1858
Franklin,U.S. House,2,DEM,Jennifer Martinez,477
Fremont,U.S. House,2,DEM,Jennifer Martinez,735
Gem,U.S. House,2,DEM,Jennifer Martinez,NA
Gooding,U.S. House,2,DEM,Jennifer Martinez,1000
Idaho,U.S. House,2,DEM,Jennifer Martinez,NA
Jefferson,U.S. House,2,DEM,Jennifer Martinez,1249
Jerome,U.S. House,2,DEM,Jennifer Martinez,1320
Kootenai,U.S. House,2,DEM,Jennifer Martinez,NA
Latah,U.S. House,2,DEM,Jennifer Martinez,NA
Lemhi,U.S. House,2,DEM,Jennifer Martinez,716
Lewis,U.S. House,2,DEM,Jennifer Martinez,NA
Lincoln,U.S. House,2,DEM,Jennifer Martinez,376
Madison,U.S. House,2,DEM,Jennifer Martinez,1469
Minidoka,U.S. House,2,DEM,Jennifer Martinez,1221
Nez Perce,U.S. House,2,DEM,Jennifer Martinez,NA
Oneida,U.S. House,2,DEM,Jennifer Martinez,223
Owyhee,U.S. House,2,DEM,Jennifer Martinez,NA
Payette,U.S. House,2,DEM,Jennifer Martinez,NA
Power,U.S. House,2,DEM,Jennifer Martinez,696
Shoshone,U.S. House,2,DEM,Jennifer Martinez,NA
Teton,U.S. House,2,DEM,Jennifer Martinez,2182
Twin Falls,U.S. House,2,DEM,Jennifer Martinez,6295
Valley,U.S. House,2,DEM,Jennifer Martinez,NA
Washington,U.S. House,2,DEM,Jennifer Martinez,NA
Ada,U.S. House,2,REP,Mike Simpson,45231
Adams,U.S. House,2,REP,Mike Simpson,NA
Bannock,U.S. House,2,REP,Mike Simpson,19311
Bear Lake,U.S. House,2,REP,Mike Simpson,2375
Benewah,U.S. House,2,REP,Mike Simpson,NA
Bingham,U.S. House,2,REP,Mike Simpson,11578
Blaine,U.S. House,2,REP,Mike Simpson,4820
Boise,U.S. House,2,REP,Mike Simpson,NA
Bonner,U.S. House,2,REP,Mike Simpson,NA
Bonneville,U.S. House,2,REP,Mike Simpson,30653
Boundary,U.S. House,2,REP,Mike Simpson,NA
Butte,U.S. House,2,REP,Mike Simpson,941
Camas,U.S. House,2,REP,Mike Simpson,416
Canyon,U.S. House,2,REP,Mike Simpson,NA
Caribou,U.S. House,2,REP,Mike Simpson,2399
Cassia,U.S. House,2,REP,Mike Simpson,6135
Clark,U.S. House,2,REP,Mike Simpson,212
Clearwater,U.S. House,2,REP,Mike Simpson,NA
Custer,U.S. House,2,REP,Mike Simpson,1628
Elmore,U.S. House,2,REP,Mike Simpson,5842
Franklin,U.S. House,2,REP,Mike Simpson,4590
Fremont,U.S. House,2,REP,Mike Simpson,4351
Gem,U.S. House,2,REP,Mike Simpson,NA
Gooding,U.S. House,2,REP,Mike Simpson,3676
Idaho,U.S. House,2,REP,Mike Simpson,NA
Jefferson,U.S. House,2,REP,Mike Simpson,8765
Jerome,U.S. House,2,REP,Mike Simpson,4710
Kootenai,U.S. House,2,REP,Mike Simpson,NA
Latah,U.S. House,2,REP,Mike Simpson,NA
Lemhi,U.S. House,2,REP,Mike Simpson,2940
Lewis,U.S. House,2,REP,Mike Simpson,NA
Lincoln,U.S. House,2,REP,Mike Simpson,1221
Madison,U.S. House,2,REP,Mike Simpson,12473
Minidoka,U.S. House,2,REP,Mike Simpson,4785
Nez Perce,U.S. House,2,REP,Mike Simpson,NA
Oneida,U.S. House,2,REP,Mike Simpson,1653
Owyhee,U.S. House,2,REP,Mike Simpson,NA
Payette,U.S. House,2,REP,Mike Simpson,NA
Power,U.S. House,2,REP,Mike Simpson,1885
Shoshone,U.S. House,2,REP,Mike Simpson,NA
Teton,U.S. House,2,REP,Mike Simpson,2605
Twin Falls,U.S. House,2,REP,Mike Simpson,20097
Valley,U.S. House,2,REP,Mike Simpson,NA
Washington,U.S. House,2,REP,Mike Simpson,NA
Ada,U.S. House,2,CON,Anthony Tomkins,4786
Adams,U.S. House,2,CON,Anthony Tomkins,NA
Bannock,U.S. House,2,CON,Anthony Tomkins,2463
Bear Lake,U.S. House,2,CON,Anthony Tomkins,218
Benewah,U.S. House,2,CON,Anthony Tomkins,NA
Bingham,U.S. House,2,CON,Anthony Tomkins,1783
Blaine,U.S. House,2,CON,Anthony Tomkins,241
Boise,U.S. House,2,CON,Anthony Tomkins,NA
Bonner,U.S. House,2,CON,Anthony Tomkins,NA
Bonneville,U.S. House,2,CON,Anthony Tomkins,3746
Boundary,U.S. House,2,CON,Anthony Tomkins,NA
Butte,U.S. House,2,CON,Anthony Tomkins,113
Camas,U.S. House,2,CON,Anthony Tomkins,40
Canyon,U.S. House,2,CON,Anthony Tomkins,NA
Caribou,U.S. House,2,CON,Anthony Tomkins,248
Cassia,U.S. House,2,CON,Anthony Tomkins,870
Clark,U.S. House,2,CON,Anthony Tomkins,27
Clearwater,U.S. House,2,CON,Anthony Tomkins,NA
Custer,U.S. House,2,CON,Anthony Tomkins,297
Elmore,U.S. House,2,CON,Anthony Tomkins,615
Franklin,U.S. House,2,CON,Anthony Tomkins,371
Fremont,U.S. House,2,CON,Anthony Tomkins,593
Gem,U.S. House,2,CON,Anthony Tomkins,NA
Gooding,U.S. House,2,CON,Anthony Tomkins,490
Idaho,U.S. House,2,CON,Anthony Tomkins,NA
Jefferson,U.S. House,2,CON,Anthony Tomkins,1276
Jerome,U.S. House,2,CON,Anthony Tomkins,663
Kootenai,U.S. House,2,CON,Anthony Tomkins,NA
Latah,U.S. House,2,CON,Anthony Tomkins,NA
Lemhi,U.S. House,2,CON,Anthony Tomkins,356
Lewis,U.S. House,2,CON,Anthony Tomkins,NA
Lincoln,U.S. House,2,CON,Anthony Tomkins,137
Madison,U.S. House,2,CON,Anthony Tomkins,1295
Minidoka,U.S. House,2,CON,Anthony Tomkins,713
Nez Perce,U.S. House,2,CON,Anthony Tomkins,NA
Oneida,U.S. House,2,CON,Anthony Tomkins,165
Owyhee,U.S. House,2,CON,Anthony Tomkins,NA
Payette,U.S. House,2,CON,Anthony Tomkins,NA
Power,U.S. House,2,CON,Anthony Tomkins,198
Shoshone,U.S. House,2,CON,Anthony Tomkins,NA
Teton,U.S. House,2,CON,Anthony Tomkins,184
Twin Falls,U.S. House,2,CON,Anthony Tomkins,3117
Valley,U.S. House,2,CON,Anthony Tomkins,NA
Washington,U.S. House,2,CON,Anthony Tomkins,NA
Bonner,State Senate,1,R,Shawn A. Keough,13391
Boundary,State Senate,1,R,Shawn A. Keough,3873
Bonner,State Senate,1,D,Steve Tanner,4128
Boundary,State Senate,1,D,Steve Tanner,1237
Bonner,State Representative,1A,D,Kate McAlister,7247
Boundary,State Representative,1A,D,Kate McAlister,1383
Bonner,State Representative,1A,R,Heather Scott,10689
Boundary,State Representative,1A,R,Heather Scott,3717
Bonner,State Representative,1B,R,Sage G. Dixon,11724
Boundary,State Representative,1B,R,Sage G. Dixon,3761
Bonner,State Representative,1B,D,Stephen F. Howlett,5736
Boundary,State Representative,1B,D,Stephen F. Howlett,1352
Kootenai,State Senate,2,R,Steve Vick,20240
Kootenai,State Representative,2A,R,Vito Barbieri,17115
Kootenai,State Representative,2A,D,Kathy (Kraack) Kahn,6581
Kootenai,State Representative,2B,D,Richard Kohles,5724
Kootenai,State Representative,2B,R,Eric Redman,17735
Kootenai,State Senate,3,R,Bob Nonini,16990
Kootenai,State Representative,3A,R,Ron Mendive,17019
Kootenai,State Representative,3B,R,Don Cheatham,16891
Kootenai,State Senate,4,D,Kristi Milan,7793
Kootenai,State Senate,4,R,Mary Souza,13233
Kootenai,State Representative,4A,R,"Lucas ""Luke"" Malek",14229
Kootenai,State Representative,4A,D,Patrick P Mitchell,6447
Kootenai,State Representative,4B,R,Paul Amador,13202
Kootenai,State Representative,4B,D,Tom Hearn,7650
Benewah,State Senate,5,R,Dan Foreman,2975
Latah,State Senate,5,R,Dan Foreman,8300
Benewah,State Senate,5,D,Dan J Schmidt,1115
Latah,State Senate,5,D,Dan J Schmidt,9824
Benewah,State Representative,5A,R,Carl Berglund,2884
Latah,State Representative,5A,R,Carl Berglund,8005
Benewah,State Representative,5A,D,Paulette E. Jordan,1217
Latah,State Representative,5A,D,Paulette E. Jordan,9962
Benewah,State Representative,5B,I,Kenneth B. De Vries,908
Latah,State Representative,5B,I,Kenneth B. De Vries,1599
Benewah,State Representative,5B,D,Laurene Sorensen,792
Latah,State Representative,5B,D,Laurene Sorensen,7797
Benewah,State Representative,5B,R,Caroline Nilsson Troy,2415
Latah,State Representative,5B,R,Caroline Nilsson Troy,8706
Lewis,State Senate,6,R,Dan Johnson,1466
Nez Perce,State Senate,6,R,Dan Johnson,15256
Lewis,State Representative,6A,D,Bob Blakey,434
Nez Perce,State Representative,6A,D,Bob Blakey,7710
Lewis,State Representative,6A,R,Thyra K. Stevenson,1147
Nez Perce,State Representative,6A,R,Thyra K. Stevenson,9453
Lewis,State Representative,6B,R,Mike Kingsley,1155
Nez Perce,State Representative,6B,R,Mike Kingsley,9908
Lewis,State Representative,6B,D,John Rusche,437
Nez Perce,State Representative,6B,D,John Rusche,7496
Bonner,State Senate,7,R,Carl G Crabtree,1940
Clearwater,State Senate,7,R,Carl G Crabtree,2683
Idaho,State Senate,7,R,Carl G Crabtree,6659
Shoshone,State Senate,7,R,Carl G Crabtree,3036
Bonner,State Senate,7,D,Ken Meyers,849
Clearwater,State Senate,7,D,Ken Meyers,933
Idaho,State Senate,7,D,Ken Meyers,1403
Shoshone,State Senate,7,D,Ken Meyers,1886
Bonner,State Representative,7A,D,Jessica Chilcott,828
Clearwater,State Representative,7A,D,Jessica Chilcott,977
Idaho,State Representative,7A,D,Jessica Chilcott,1831
Shoshone,State Representative,7A,D,Jessica Chilcott,1997
Bonner,State Representative,7A,R,Priscilla Giddings,1926
Clearwater,State Representative,7A,R,Priscilla Giddings,2615
Idaho,State Representative,7A,R,Priscilla Giddings,6171
Shoshone,State Representative,7A,R,Priscilla Giddings,2935
Bonner,State Representative,7B,R,Paul E Shepherd,2151
Clearwater,State Representative,7B,R,Paul E Shepherd,3116
Idaho,State Representative,7B,R,Paul E Shepherd,6916
Shoshone,State Representative,7B,R,Paul E Shepherd,4153
Boise,State Senate,8,C,Kirsten Faith Richardson,864
Custer,State Senate,8,C,Kirsten Faith Richardson,414
Gem,State Senate,8,C,Kirsten Faith Richardson,1773
Lemhi,State Senate,8,C,Kirsten Faith Richardson,629
Valley,State Senate,8,C,Kirsten Faith Richardson,1146
Boise,State Senate,8,R,Steven P. Thayn,2526
Custer,State Senate,8,R,Steven P. Thayn,1747
Gem,State Senate,8,R,Steven P. Thayn,5566
Lemhi,State Senate,8,R,Steven P. Thayn,2980
Valley,State Senate,8,R,Steven P. Thayn,3196
Boise,State Senate,8,W/I,William A. Sifford,30
Custer,State Senate,8,W/I,William A. Sifford,22
Gem,State Senate,8,W/I,William A. Sifford,89
Lemhi,State Senate,8,W/I,William A. Sifford,56
Valley,State Senate,8,W/I,William A. Sifford,180
Boise,State Representative,8A,R,Terry Gestrin,2704
Custer,State Representative,8A,R,Terry Gestrin,1747
Gem,State Representative,8A,R,Terry Gestrin,6074
Lemhi,State Representative,8A,R,Terry Gestrin,2985
Valley,State Representative,8A,R,Terry Gestrin,3235
Boise,State Representative,8A,D,Jocelyn Plass,921
Custer,State Representative,8A,D,Jocelyn Plass,556
Gem,State Representative,8A,D,Jocelyn Plass,1562
Lemhi,State Representative,8A,D,Jocelyn Plass,845
Valley,State Representative,8A,D,Jocelyn Plass,1980
Boise,State Representative,8B,R,Dorothy Moon,2903
Custer,State Representative,8B,R,Dorothy Moon,1831
Gem,State Representative,8B,R,Dorothy Moon,6642
Lemhi,State Representative,8B,R,Dorothy Moon,3224
Valley,State Representative,8B,R,Dorothy Moon,3744
Boise,State Representative,8B,C,Ammon Emanuel Prolife,514
Custer,State Representative,8B,C,Ammon Emanuel Prolife,280
Gem,State Representative,8B,C,Ammon Emanuel Prolife,812
Lemhi,State Representative,8B,C,Ammon Emanuel Prolife,414
Valley,State Representative,8B,C,Ammon Emanuel Prolife,646
Adams,State Senate,9,D,Carol Bogue,488
Canyon,State Senate,9,D,Carol Bogue,592
Payette,State Senate,9,D,Carol Bogue,1718
Washington,State Senate,9,D,Carol Bogue,844
Adams,State Senate,9,R,Abby Lee,1576
Canyon,State Senate,9,R,Abby Lee,2590
Payette,State Senate,9,R,Abby Lee,6770
Washington,State Senate,9,R,Abby Lee,3434
Adams,State Representative,9A,D,Rejeana A. Goolsby,464
Canyon,State Representative,9A,D,Rejeana A. Goolsby,557
Payette,State Representative,9A,D,Rejeana A. Goolsby,1600
Washington,State Representative,9A,D,Rejeana A. Goolsby,781
Adams,State Representative,9A,R,Ryan Kerby,1610
Canyon,State Representative,9A,R,Ryan Kerby,2601
Payette,State Representative,9A,R,Ryan Kerby,6884
Washington,State Representative,9A,R,Ryan Kerby,3539
Adams,State Representative,9B,R,Judy Boyle,1566
Canyon,State Representative,9B,R,Judy Boyle,2503
Payette,State Representative,9B,R,Judy Boyle,6121
Washington,State Representative,9B,R,Judy Boyle,3149
Adams,State Representative,9B,D,Allen Schmid,546
Canyon,State Representative,9B,D,Allen Schmid,659
Payette,State Representative,9B,D,Allen Schmid,2462
Washington,State Representative,9B,D,Allen Schmid,1205
Canyon,State Senate,10,R,Jim Rice,9762
Canyon,State Senate,10,D,Ydalia Yado,4524
Canyon,State Representative,10A,R,Brandon Hixon,9400
Canyon,State Representative,10A,D,Jeremy Lopett,4640
Canyon,State Representative,10B,R,Greg Chaney,9461
Canyon,State Representative,10B,D,Warren Timothy Stevens,4572
Canyon,State Senate,11,I,Gregory L. Collett,2048
Canyon,State Senate,11,D,Pat Day Hartwell,3302
Canyon,State Senate,11,R,Patti Anne Lodge,14206
Canyon,State Representative,11A,D,Edward Savala,3802
Canyon,State Representative,11A,R,Scott Syme,15561
Canyon,State Representative,11B,D,Rita J. Burns,3555
Canyon,State Representative,11B,R,Christy Perry,13896
Canyon,State Representative,11B,L,John Charles Smith,1656
Canyon,State Representative,11B,W/I,Greg Pruett,201
Canyon,State Senate,12,D,Chelle Gluch,4412
Canyon,State Senate,12,R,Todd Lakey,11672
Canyon,State Representative,12A,R,Robert E. Anderst,10972
Canyon,State Representative,12A,D,Maria Gonzalez Mabbutt,5042
Canyon,State Representative,12B,D,Shana Tremaine,4628
Canyon,State Representative,12B,R,Rick D. Youngblood,11355
Canyon,State Senate,13,R,Jeff C. Agenbroad,12439
Canyon,State Senate,13,D,Carl Davis,5055
Canyon,State Representative,13A,R,Brent J. Crane,14945
Canyon,State Representative,13B,R,Gary E. Collins,14890
Ada,State Senate,14,D,Miranda Gold,7903
Ada,State Senate,14,R,Marv Hagedorn,19011
Ada,State Representative,14A,R,Mike Moyle,19107
Ada,State Representative,14A,D,Jane M. Rohling,7744
Ada,State Representative,14B,D,Glida Bothwell,7364
Ada,State Representative,14B,R,Gayann DeMordaunt,19098
Ada,State Senate,15,R,Fred S. Martin,10580
Ada,State Senate,15,D,Laura Metzler,8203
Ada,State Representative,15A,D,Steve Berch,9370
Ada,State Representative,15A,R,Lynn M. Luker,9663
Ada,State Representative,15B,D,Jake Ellis,8194
Ada,State Representative,15B,R,Patrick McDonald,10506
Ada,State Senate,16,D,Grant Burgoyne,11360
Ada,State Senate,16,R,Ryan McDonald,8563
Ada,State Senate,16,W/I,Ryan Thompson,2
Ada,State Representative,16A,D,John McCrostie,10599
Ada,State Representative,16A,R,Joel H Robinson,9089
Ada,State Representative,16B,D,Hy Kloc,14138
Ada,State Senate,17,R,Robert Herrin III,6235
Ada,State Senate,17,D,Maryanne Jordan,10586
Ada,State Representative,17A,D,John Gannon,10521
Ada,State Representative,17A,R,Kreed Ray Kleinkopf,6149
Ada,State Representative,17B,D,Sue Chew,10615
Ada,State Representative,17B,R,Tabby Jolley,6353
Ada,State Senate,18,D,Janie Ward-Engelking,16833
Ada,State Representative,18A,D,Ilana Rubel,16196
Ada,State Representative,18B,D,Phylis King,16191
Ada,State Senate,19,D,Cherie Buckner-Webb,19679
Ada,State Representative,19A,D,Mathew Erpelding,16546
Ada,State Representative,19A,R,Mark Patten,7520
Ada,State Representative,19B,R,Jane McClaran,7883
Ada,State Representative,19B,D,Melissa Wintrow,16220
Ada,State Senate,20,D,Bill Rutherford,6525
Ada,State Senate,20,R,Chuck Winder,13787
Ada,State Representative,20A,R,Joe A. Palmer,14447
Ada,State Representative,20A,C,Daniel S. Weston,3875
Ada,State Representative,20B,R,James Holtzclaw,16105
Ada,State Senate,21,R,"Clifford R. ""Cliff"" Bayer",17462
Ada,State Representative,21A,R,Steven C. Harris,14391
Ada,State Representative,21A,D,Robert Winder,7586
Ada,State Representative,21B,R,"Thomas E. ""Tom"" Dayley",14454
Ada,State Representative,21B,D,Cindy Thorngren,7531
Ada,State Senate,22,R,Lori Den Hartog,13805
Ada,State Representative,22A,R,John Vander Woude,13493
Ada,State Representative,22B,R,Jason A. Monks,13260
Elmore,State Senate,23,R,Bert Brackett,6979
Owyhee,State Senate,23,R,Bert Brackett,3313
Twin Falls,State Senate,23,R,Bert Brackett,2130
Elmore,State Representative,23A,D,Mary Ann Richards,2090
Owyhee,State Representative,23A,D,Mary Ann Richards,774
Twin Falls,State Representative,23A,D,Mary Ann Richards,496
Elmore,State Representative,23A,R,Christy Zito,6067
Owyhee,State Representative,23A,R,Christy Zito,2957
Twin Falls,State Representative,23A,R,Christy Zito,1843
Elmore,State Representative,23B,R,Megan C. Blanksma,6291
Owyhee,State Representative,23B,R,Megan C. Blanksma,2938
Twin Falls,State Representative,23B,R,Megan C. Blanksma,1581
Elmore,State Representative,23B,I,William K. (Bill) Chisholm,1136
Owyhee,State Representative,23B,I,William K. (Bill) Chisholm,504
Twin Falls,State Representative,23B,I,William K. (Bill) Chisholm,695
Elmore,State Representative,23B,L,Christopher Jenkins,566
Owyhee,State Representative,23B,L,Christopher Jenkins,217
Twin Falls,State Representative,23B,L,Christopher Jenkins,106
Twin Falls,State Senate,24,R,Lee Heider,10698
Twin Falls,State Senate,24,D,Deborah Silver,6004
Twin Falls,State Representative,24A,R,Lance Clow,12035
Twin Falls,State Representative,24A,D,Dale Varney,4443
Twin Falls,State Representative,24B,R,Stephen Hartgen,10161
Twin Falls,State Representative,24B,D,Catherine Talkington,6422
Jerome,State Senate,25,D,Scott F. McClure,2123
Twin Falls,State Senate,25,D,Scott F. McClure,2497
Jerome,State Senate,25,R,Jim Patrick,4516
Twin Falls,State Senate,25,R,Jim Patrick,7561
Jerome,State Representative,25A,R,Maxine T Bell,6013
Twin Falls,State Representative,25A,R,Maxine T Bell,8826
Jerome,State Representative,25B,R,Clark Kauffman,5874
Twin Falls,State Representative,25B,R,Clark Kauffman,8839
Blaine,State Senate,26,R,Dale Ewersen,3244
Camas,State Senate,26,R,Dale Ewersen,349
Gooding,State Senate,26,R,Dale Ewersen,3246
Lincoln,State Senate,26,R,Dale Ewersen,1024
Blaine,State Senate,26,D,Michelle Stennett,7587
Camas,State Senate,26,D,Michelle Stennett,241
Gooding,State Senate,26,D,Michelle Stennett,1912
Lincoln,State Senate,26,D,Michelle Stennett,730
Blaine,State Representative,26A,D,Kathleen J. Eder,6970
Camas,State Representative,26A,D,Kathleen J. Eder,151
Gooding,State Representative,26A,D,Kathleen J. Eder,1331
Lincoln,State Representative,26A,D,Kathleen J. Eder,506
Blaine,State Representative,26A,R,Steve Miller,3756
Camas,State Representative,26A,R,Steve Miller,437
Gooding,State Representative,26A,R,Steve Miller,3807
Lincoln,State Representative,26A,R,Steve Miller,1222
Blaine,State Representative,26B,R,Alex Sutter,3722
Camas,State Representative,26B,R,Alex Sutter,348
Gooding,State Representative,26B,R,Alex Sutter,3165
Lincoln,State Representative,26B,R,Alex Sutter,1082
Blaine,State Representative,26B,D,Sally Toone,6896
Camas,State Representative,26B,D,Sally Toone,231
Gooding,State Representative,26B,D,Sally Toone,2016
Lincoln,State Representative,26B,D,Sally Toone,665
Cassia,State Senate,27,R,Kelly Arthur Anthon,7447
Minidoka,State Senate,27,R,Kelly Arthur Anthon,5812
Cassia,State Representative,27A,R,Scott Bedke,7404
Minidoka,State Representative,27A,R,Scott Bedke,5777
Cassia,State Representative,27B,R,Fred Wood,7416
Minidoka,State Representative,27B,R,Fred Wood,5644
Bannock,State Senate,28,R,Jim Guthrie,10042
Power,State Senate,28,R,Jim Guthrie,1838
Bannock,State Senate,28,D,Mike Saville,6495
Power,State Senate,28,D,Mike Saville,909
Bannock,State Representative,28A,R,Randy Armstrong,10672
Power,State Representative,28A,R,Randy Armstrong,1827
Bannock,State Representative,28A,D,Steve Landon,5846
Power,State Representative,28A,D,Steve Landon,895
Bannock,State Representative,28B,D,Louis R. Archuleta,5519
Power,State Representative,28B,D,Louis R. Archuleta,837
Bannock,State Representative,28B,R,Kelley Packer,11010
Power,State Representative,28B,R,Kelley Packer,1910
Bannock,State Senate,29,L,"Sierra ""Idaho Lorax"" Carta",1159
Bannock,State Senate,29,R,Tom Katsilometes,7482
Bannock,State Senate,29,D,Mark Nye,8018
Bannock,State Representative,29A,D,David H. Maguire,7884
Bannock,State Representative,29A,R,Dustin Whitney Manwaring,8609
Bannock,State Representative,29B,D,Elaine Smith,13425
Bonneville,State Senate,30,R,Dean M. Mortimer,17000
Bonneville,State Representative,30A,D,Matt P. Dance,4561
Bonneville,State Representative,30A,R,Jeff Thompson,15295
Bonneville,State Representative,30B,R,Wendy Horman,16957
Bingham,State Senate,31,R,R. Steven Bair,13954
Bingham,State Representative,31A,R,Neil A Anderson,14183
Bingham,State Representative,31B,R,Julie VanOrden,14427
Bear Lake,State Senate,32,D,Bob Fitzgerald,319
Bonneville,State Senate,32,D,Bob Fitzgerald,387
Caribou,State Senate,32,D,Bob Fitzgerald,357
Franklin,State Senate,32,D,Bob Fitzgerald,602
Oneida,State Senate,32,D,Bob Fitzgerald,281
Teton,State Senate,32,D,Bob Fitzgerald,2193
Bear Lake,State Senate,32,R,Mark R. Harris,2542
Bonneville,State Senate,32,R,Mark R. Harris,1880
Caribou,State Senate,32,R,Mark R. Harris,2612
Franklin,State Senate,32,R,Mark R. Harris,4755
Oneida,State Senate,32,R,Mark R. Harris,1713
Teton,State Senate,32,R,Mark R. Harris,2666
Bear Lake,State Representative,32A,R,Marc Gibbs,2652
Bonneville,State Representative,32A,R,Marc Gibbs,1932
Caribou,State Representative,32A,R,Marc Gibbs,2812
Franklin,State Representative,32A,R,Marc Gibbs,5087
Oneida,State Representative,32A,R,Marc Gibbs,1855
Teton,State Representative,32A,R,Marc Gibbs,3344
Bear Lake,State Representative,32B,R,Tom Loertscher,2634
Bonneville,State Representative,32B,R,Tom Loertscher,1949
Caribou,State Representative,32B,R,Tom Loertscher,2742
Franklin,State Representative,32B,R,Tom Loertscher,5040
Oneida,State Representative,32B,R,Tom Loertscher,1829
Teton,State Representative,32B,R,Tom Loertscher,3319
Bonneville,State Senate,33,R,Bart M. Davis,11848
Bonneville,State Senate,33,W/I,Jim Francis,1575
Bonneville,State Representative,33A,D,Jim De Angelis,5463
Bonneville,State Representative,33A,R,Janet Trujillo,10510
Bonneville,State Representative,33B,D,George P. Morrison,5332
Bonneville,State Representative,33B,R,Bryan N. Zollinger,10466
Bonneville,State Senate,34,R,Brent Hill,3000
Madison,State Senate,34,R,Brent Hill,14305
Bonneville,State Representative,34A,R,Ron Nate,2936
Madison,State Representative,34A,R,Ron Nate,13867
Bonneville,State Representative,34B,R,Dell Raybould,2898
Madison,State Representative,34B,R,Dell Raybould,14055
Butte,State Senate,35,R,Jeff C. Siddoway,1068
Clark,State Senate,35,R,Jeff C. Siddoway,252
Fremont,State Senate,35,R,Jeff C. Siddoway,5270
Jefferson,State Senate,35,R,Jeff C. Siddoway,10075
Butte,State Representative,35A,R,Van Burtenshaw,1059
Clark,State Representative,35A,R,Van Burtenshaw,255
Fremont,State Representative,35A,R,Van Burtenshaw,5224
Jefferson,State Representative,35A,R,Van Burtenshaw,10028
Butte,State Representative,35B,R,Karey Hanks,1013
Clark,State Representative,35B,R,Karey Hanks,231
Fremont,State Representative,35B,R,Karey Hanks,5078
Jefferson,State Representative,35B,R,Karey Hanks,9841