county,office,district,party,candidate,votes
Ada,UNITED STATES PRESIDENT,NA,IND,Darrell L. Castle,1019
Adams,UNITED STATES PRESIDENT,NA,IND,Darrell L. Castle,12
Bannock,UNITED STATES PRESIDENT,NA,IND,Darrell L. Castle,240
Bear Lake,UNITED STATES PRESIDENT,NA,IND,Darrell L. Castle,22
Benewah,UNITED STATES PRESIDENT,NA,IND,Darrell L. Castle,30
Bingham,UNITED STATES PRESIDENT,NA,IND,Darrell L. Castle,144
Blaine,UNITED STATES PRESIDENT,NA,IND,Darrell L. Castle,35
Boise,UNITED STATES PRESIDENT,NA,IND,Darrell L. Castle,22
Bonner,UNITED STATES PRESIDENT,NA,IND,Darrell L. Castle,116
Bonneville,UNITED STATES PRESIDENT,NA,IND,Darrell L. Castle,272
Boundary,UNITED STATES PRESIDENT,NA,IND,Darrell L. Castle,33
Butte,UNITED STATES PRESIDENT,NA,IND,Darrell L. Castle,4
Camas,UNITED STATES PRESIDENT,NA,IND,Darrell L. Castle,6
Canyon,UNITED STATES PRESIDENT,NA,IND,Darrell L. Castle,433
Caribou,UNITED STATES PRESIDENT,NA,IND,Darrell L. Castle,20
Cassia,UNITED STATES PRESIDENT,NA,IND,Darrell L. Castle,56
Clark,UNITED STATES PRESIDENT,NA,IND,Darrell L. Castle,4
Clearwater,UNITED STATES PRESIDENT,NA,IND,Darrell L. Castle,18
Custer,UNITED STATES PRESIDENT,NA,IND,Darrell L. Castle,12
Elmore,UNITED STATES PRESIDENT,NA,IND,Darrell L. Castle,50
Franklin,UNITED STATES PRESIDENT,NA,IND,Darrell L. Castle,112
Fremont,UNITED STATES PRESIDENT,NA,IND,Darrell L. Castle,36
Gem,UNITED STATES PRESIDENT,NA,IND,Darrell L. Castle,41
Gooding,UNITED STATES PRESIDENT,NA,IND,Darrell L. Castle,42
Idaho,UNITED STATES PRESIDENT,NA,IND,Darrell L. Castle,57
Jefferson,UNITED STATES PRESIDENT,NA,IND,Darrell L. Castle,101
Jerome,UNITED STATES PRESIDENT,NA,IND,Darrell L. Castle,46
Kootenai,UNITED STATES PRESIDENT,NA,IND,Darrell L. Castle,372
Latah,UNITED STATES PRESIDENT,NA,IND,Darrell L. Castle,320
Lemhi,UNITED STATES PRESIDENT,NA,IND,Darrell L. Castle,19
Lewis,UNITED STATES PRESIDENT,NA,IND,Darrell L. Castle,18
Lincoln,UNITED STATES PRESIDENT,NA,IND,Darrell L. Castle,18
Madison,UNITED STATES PRESIDENT,NA,IND,Darrell L. Castle,136
Minidoka,UNITED STATES PRESIDENT,NA,IND,Darrell L. Castle,47
Nez Perce,UNITED STATES PRESIDENT,NA,IND,Darrell L. Castle,119
Oneida,UNITED STATES PRESIDENT,NA,IND,Darrell L. Castle,23
Owyhee,UNITED STATES PRESIDENT,NA,IND,Darrell L. Castle,22
Payette,UNITED STATES PRESIDENT,NA,IND,Darrell L. Castle,42
Power,UNITED STATES PRESIDENT,NA,IND,Darrell L. Castle,19
Shoshone,UNITED STATES PRESIDENT,NA,IND,Darrell L. Castle,45
Teton,UNITED STATES PRESIDENT,NA,IND,Darrell L. Castle,27
Twin Falls,UNITED STATES PRESIDENT,NA,IND,Darrell L. Castle,142
Valley,UNITED STATES PRESIDENT,NA,IND,Darrell L. Castle,26
Washington,UNITED STATES PRESIDENT,NA,IND,Darrell L. Castle,25
Ada,UNITED STATES PRESIDENT,NA,DEM,Hillary Rodham Clinton,75677
Adams,UNITED STATES PRESIDENT,NA,DEM,Hillary Rodham Clinton,415
Bannock,UNITED STATES PRESIDENT,NA,DEM,Hillary Rodham Clinton,10342
Bear Lake,UNITED STATES PRESIDENT,NA,DEM,Hillary Rodham Clinton,255
Benewah,UNITED STATES PRESIDENT,NA,DEM,Hillary Rodham Clinton,770
Bingham,UNITED STATES PRESIDENT,NA,DEM,Hillary Rodham Clinton,2924
Blaine,UNITED STATES PRESIDENT,NA,DEM,Hillary Rodham Clinton,6416
Boise,UNITED STATES PRESIDENT,NA,DEM,Hillary Rodham Clinton,777
Bonner,UNITED STATES PRESIDENT,NA,DEM,Hillary Rodham Clinton,5819
Bonneville,UNITED STATES PRESIDENT,NA,DEM,Hillary Rodham Clinton,8930
Boundary,UNITED STATES PRESIDENT,NA,DEM,Hillary Rodham Clinton,933
Butte,UNITED STATES PRESIDENT,NA,DEM,Hillary Rodham Clinton,160
Camas,UNITED STATES PRESIDENT,NA,DEM,Hillary Rodham Clinton,110
Canyon,UNITED STATES PRESIDENT,NA,DEM,Hillary Rodham Clinton,16883
Caribou,UNITED STATES PRESIDENT,NA,DEM,Hillary Rodham Clinton,271
Cassia,UNITED STATES PRESIDENT,NA,DEM,Hillary Rodham Clinton,1036
Clark,UNITED STATES PRESIDENT,NA,DEM,Hillary Rodham Clinton,44
Clearwater,UNITED STATES PRESIDENT,NA,DEM,Hillary Rodham Clinton,704
Custer,UNITED STATES PRESIDENT,NA,DEM,Hillary Rodham Clinton,427
Elmore,UNITED STATES PRESIDENT,NA,DEM,Hillary Rodham Clinton,1814
Franklin,UNITED STATES PRESIDENT,NA,DEM,Hillary Rodham Clinton,385
Fremont,UNITED STATES PRESIDENT,NA,DEM,Hillary Rodham Clinton,651
Gem,UNITED STATES PRESIDENT,NA,DEM,Hillary Rodham Clinton,1229
Gooding,UNITED STATES PRESIDENT,NA,DEM,Hillary Rodham Clinton,930
Idaho,UNITED STATES PRESIDENT,NA,DEM,Hillary Rodham Clinton,1196
Jefferson,UNITED STATES PRESIDENT,NA,DEM,Hillary Rodham Clinton,976
Jerome,UNITED STATES PRESIDENT,NA,DEM,Hillary Rodham Clinton,1329
Kootenai,UNITED STATES PRESIDENT,NA,DEM,Hillary Rodham Clinton,16264
Latah,UNITED STATES PRESIDENT,NA,DEM,Hillary Rodham Clinton,8093
Lemhi,UNITED STATES PRESIDENT,NA,DEM,Hillary Rodham Clinton,733
Lewis,UNITED STATES PRESIDENT,NA,DEM,Hillary Rodham Clinton,270
Lincoln,UNITED STATES PRESIDENT,NA,DEM,Hillary Rodham Clinton,360
Madison,UNITED STATES PRESIDENT,NA,DEM,Hillary Rodham Clinton,1201
Minidoka,UNITED STATES PRESIDENT,NA,DEM,Hillary Rodham Clinton,1167
Nez Perce,UNITED STATES PRESIDENT,NA,DEM,Hillary Rodham Clinton,4828
Oneida,UNITED STATES PRESIDENT,NA,DEM,Hillary Rodham Clinton,184
Owyhee,UNITED STATES PRESIDENT,NA,DEM,Hillary Rodham Clinton,591
Payette,UNITED STATES PRESIDENT,NA,DEM,Hillary Rodham Clinton,1507
Power,UNITED STATES PRESIDENT,NA,DEM,Hillary Rodham Clinton,699
Shoshone,UNITED STATES PRESIDENT,NA,DEM,Hillary Rodham Clinton,1384
Teton,UNITED STATES PRESIDENT,NA,DEM,Hillary Rodham Clinton,2159
Twin Falls,UNITED STATES PRESIDENT,NA,DEM,Hillary Rodham Clinton,6233
Valley,UNITED STATES PRESIDENT,NA,DEM,Hillary Rodham Clinton,1913
Washington,UNITED STATES PRESIDENT,NA,DEM,Hillary Rodham Clinton,776
Ada,UNITED STATES PRESIDENT,NA,CON,Scott Copeland,481
Adams,UNITED STATES PRESIDENT,NA,CON,Scott Copeland,11
Bannock,UNITED STATES PRESIDENT,NA,CON,Scott Copeland,125
Bear Lake,UNITED STATES PRESIDENT,NA,CON,Scott Copeland,15
Benewah,UNITED STATES PRESIDENT,NA,CON,Scott Copeland,17
Bingham,UNITED STATES PRESIDENT,NA,CON,Scott Copeland,73
Blaine,UNITED STATES PRESIDENT,NA,CON,Scott Copeland,23
Boise,UNITED STATES PRESIDENT,NA,CON,Scott Copeland,13
Bonner,UNITED STATES PRESIDENT,NA,CON,Scott Copeland,84
Bonneville,UNITED STATES PRESIDENT,NA,CON,Scott Copeland,169
Boundary,UNITED STATES PRESIDENT,NA,CON,Scott Copeland,29
Butte,UNITED STATES PRESIDENT,NA,CON,Scott Copeland,4
Camas,UNITED STATES PRESIDENT,NA,CON,Scott Copeland,2
Canyon,UNITED STATES PRESIDENT,NA,CON,Scott Copeland,261
Caribou,UNITED STATES PRESIDENT,NA,CON,Scott Copeland,14
Cassia,UNITED STATES PRESIDENT,NA,CON,Scott Copeland,28
Clark,UNITED STATES PRESIDENT,NA,CON,Scott Copeland,4
Clearwater,UNITED STATES PRESIDENT,NA,CON,Scott Copeland,8
Custer,UNITED STATES PRESIDENT,NA,CON,Scott Copeland,9
Elmore,UNITED STATES PRESIDENT,NA,CON,Scott Copeland,33
Franklin,UNITED STATES PRESIDENT,NA,CON,Scott Copeland,38
Fremont,UNITED STATES PRESIDENT,NA,CON,Scott Copeland,30
Gem,UNITED STATES PRESIDENT,NA,CON,Scott Copeland,30
Gooding,UNITED STATES PRESIDENT,NA,CON,Scott Copeland,27
Idaho,UNITED STATES PRESIDENT,NA,CON,Scott Copeland,47
Jefferson,UNITED STATES PRESIDENT,NA,CON,Scott Copeland,50
Jerome,UNITED STATES PRESIDENT,NA,CON,Scott Copeland,27
Kootenai,UNITED STATES PRESIDENT,NA,CON,Scott Copeland,210
Latah,UNITED STATES PRESIDENT,NA,CON,Scott Copeland,73
Lemhi,UNITED STATES PRESIDENT,NA,CON,Scott Copeland,16
Lewis,UNITED STATES PRESIDENT,NA,CON,Scott Copeland,6
Lincoln,UNITED STATES PRESIDENT,NA,CON,Scott Copeland,6
Madison,UNITED STATES PRESIDENT,NA,CON,Scott Copeland,43
Minidoka,UNITED STATES PRESIDENT,NA,CON,Scott Copeland,26
Nez Perce,UNITED STATES PRESIDENT,NA,CON,Scott Copeland,74
Oneida,UNITED STATES PRESIDENT,NA,CON,Scott Copeland,18
Owyhee,UNITED STATES PRESIDENT,NA,CON,Scott Copeland,9
Payette,UNITED STATES PRESIDENT,NA,CON,Scott Copeland,29
Power,UNITED STATES PRESIDENT,NA,CON,Scott Copeland,12
Shoshone,UNITED STATES PRESIDENT,NA,CON,Scott Copeland,22
Teton,UNITED STATES PRESIDENT,NA,CON,Scott Copeland,5
Twin Falls,UNITED STATES PRESIDENT,NA,CON,Scott Copeland,120
Valley,UNITED STATES PRESIDENT,NA,CON,Scott Copeland,13
Washington,UNITED STATES PRESIDENT,NA,CON,Scott Copeland,22
Ada,UNITED STATES PRESIDENT,NA,IND,Rocky De La Fuente,349
Adams,UNITED STATES PRESIDENT,NA,IND,Rocky De La Fuente,7
Bannock,UNITED STATES PRESIDENT,NA,IND,Rocky De La Fuente,80
Bear Lake,UNITED STATES PRESIDENT,NA,IND,Rocky De La Fuente,2
Benewah,UNITED STATES PRESIDENT,NA,IND,Rocky De La Fuente,10
Bingham,UNITED STATES PRESIDENT,NA,IND,Rocky De La Fuente,34
Blaine,UNITED STATES PRESIDENT,NA,IND,Rocky De La Fuente,20
Boise,UNITED STATES PRESIDENT,NA,IND,Rocky De La Fuente,7
Bonner,UNITED STATES PRESIDENT,NA,IND,Rocky De La Fuente,33
Bonneville,UNITED STATES PRESIDENT,NA,IND,Rocky De La Fuente,87
Boundary,UNITED STATES PRESIDENT,NA,IND,Rocky De La Fuente,7
Butte,UNITED STATES PRESIDENT,NA,IND,Rocky De La Fuente,2
Camas,UNITED STATES PRESIDENT,NA,IND,Rocky De La Fuente,0
Canyon,UNITED STATES PRESIDENT,NA,IND,Rocky De La Fuente,175
Caribou,UNITED STATES PRESIDENT,NA,IND,Rocky De La Fuente,4
Cassia,UNITED STATES PRESIDENT,NA,IND,Rocky De La Fuente,17
Clark,UNITED STATES PRESIDENT,NA,IND,Rocky De La Fuente,0
Clearwater,UNITED STATES PRESIDENT,NA,IND,Rocky De La Fuente,12
Custer,UNITED STATES PRESIDENT,NA,IND,Rocky De La Fuente,9
Elmore,UNITED STATES PRESIDENT,NA,IND,Rocky De La Fuente,21
Franklin,UNITED STATES PRESIDENT,NA,IND,Rocky De La Fuente,4
Fremont,UNITED STATES PRESIDENT,NA,IND,Rocky De La Fuente,8
Gem,UNITED STATES PRESIDENT,NA,IND,Rocky De La Fuente,17
Gooding,UNITED STATES PRESIDENT,NA,IND,Rocky De La Fuente,16
Idaho,UNITED STATES PRESIDENT,NA,IND,Rocky De La Fuente,14
Jefferson,UNITED STATES PRESIDENT,NA,IND,Rocky De La Fuente,19
Jerome,UNITED STATES PRESIDENT,NA,IND,Rocky De La Fuente,16
Kootenai,UNITED STATES PRESIDENT,NA,IND,Rocky De La Fuente,86
Latah,UNITED STATES PRESIDENT,NA,IND,Rocky De La Fuente,49
Lemhi,UNITED STATES PRESIDENT,NA,IND,Rocky De La Fuente,9
Lewis,UNITED STATES PRESIDENT,NA,IND,Rocky De La Fuente,2
Lincoln,UNITED STATES PRESIDENT,NA,IND,Rocky De La Fuente,6
Madison,UNITED STATES PRESIDENT,NA,IND,Rocky De La Fuente,16
Minidoka,UNITED STATES PRESIDENT,NA,IND,Rocky De La Fuente,32
Nez Perce,UNITED STATES PRESIDENT,NA,IND,Rocky De La Fuente,41
Oneida,UNITED STATES PRESIDENT,NA,IND,Rocky De La Fuente,1
Owyhee,UNITED STATES PRESIDENT,NA,IND,Rocky De La Fuente,8
Payette,UNITED STATES PRESIDENT,NA,IND,Rocky De La Fuente,17
Power,UNITED STATES PRESIDENT,NA,IND,Rocky De La Fuente,11
Shoshone,UNITED STATES PRESIDENT,NA,IND,Rocky De La Fuente,12
Teton,UNITED STATES PRESIDENT,NA,IND,Rocky De La Fuente,7
Twin Falls,UNITED STATES PRESIDENT,NA,IND,Rocky De La Fuente,83
Valley,UNITED STATES PRESIDENT,NA,IND,Rocky De La Fuente,14
Washington,UNITED STATES PRESIDENT,NA,IND,Rocky De La Fuente,9
Ada,UNITED STATES PRESIDENT,NA,LIB,Gary Johnson,9984
Adams,UNITED STATES PRESIDENT,NA,LIB,Gary Johnson,83
Bannock,UNITED STATES PRESIDENT,NA,LIB,Gary Johnson,1471
Bear Lake,UNITED STATES PRESIDENT,NA,LIB,Gary Johnson,54
Benewah,UNITED STATES PRESIDENT,NA,LIB,Gary Johnson,151
Bingham,UNITED STATES PRESIDENT,NA,LIB,Gary Johnson,417
Blaine,UNITED STATES PRESIDENT,NA,LIB,Gary Johnson,424
Boise,UNITED STATES PRESIDENT,NA,LIB,Gary Johnson,173
Bonner,UNITED STATES PRESIDENT,NA,LIB,Gary Johnson,762
Bonneville,UNITED STATES PRESIDENT,NA,LIB,Gary Johnson,1634
Boundary,UNITED STATES PRESIDENT,NA,LIB,Gary Johnson,161
Butte,UNITED STATES PRESIDENT,NA,LIB,Gary Johnson,25
Camas,UNITED STATES PRESIDENT,NA,LIB,Gary Johnson,23
Canyon,UNITED STATES PRESIDENT,NA,LIB,Gary Johnson,2778
Caribou,UNITED STATES PRESIDENT,NA,LIB,Gary Johnson,64
Cassia,UNITED STATES PRESIDENT,NA,LIB,Gary Johnson,202
Clark,UNITED STATES PRESIDENT,NA,LIB,Gary Johnson,4
Clearwater,UNITED STATES PRESIDENT,NA,LIB,Gary Johnson,97
Custer,UNITED STATES PRESIDENT,NA,LIB,Gary Johnson,67
Elmore,UNITED STATES PRESIDENT,NA,LIB,Gary Johnson,332
Franklin,UNITED STATES PRESIDENT,NA,LIB,Gary Johnson,117
Fremont,UNITED STATES PRESIDENT,NA,LIB,Gary Johnson,127
Gem,UNITED STATES PRESIDENT,NA,LIB,Gary Johnson,241
Gooding,UNITED STATES PRESIDENT,NA,LIB,Gary Johnson,110
Idaho,UNITED STATES PRESIDENT,NA,LIB,Gary Johnson,254
Jefferson,UNITED STATES PRESIDENT,NA,LIB,Gary Johnson,274
Jerome,UNITED STATES PRESIDENT,NA,LIB,Gary Johnson,218
Kootenai,UNITED STATES PRESIDENT,NA,LIB,Gary Johnson,2604
Latah,UNITED STATES PRESIDENT,NA,LIB,Gary Johnson,1197
Lemhi,UNITED STATES PRESIDENT,NA,LIB,Gary Johnson,138
Lewis,UNITED STATES PRESIDENT,NA,LIB,Gary Johnson,62
Lincoln,UNITED STATES PRESIDENT,NA,LIB,Gary Johnson,54
Madison,UNITED STATES PRESIDENT,NA,LIB,Gary Johnson,612
Minidoka,UNITED STATES PRESIDENT,NA,LIB,Gary Johnson,207
Nez Perce,UNITED STATES PRESIDENT,NA,LIB,Gary Johnson,879
Oneida,UNITED STATES PRESIDENT,NA,LIB,Gary Johnson,37
Owyhee,UNITED STATES PRESIDENT,NA,LIB,Gary Johnson,108
Payette,UNITED STATES PRESIDENT,NA,LIB,Gary Johnson,247
Power,UNITED STATES PRESIDENT,NA,LIB,Gary Johnson,92
Shoshone,UNITED STATES PRESIDENT,NA,LIB,Gary Johnson,219
Teton,UNITED STATES PRESIDENT,NA,LIB,Gary Johnson,184
Twin Falls,UNITED STATES PRESIDENT,NA,LIB,Gary Johnson,1076
Valley,UNITED STATES PRESIDENT,NA,LIB,Gary Johnson,230
Washington,UNITED STATES PRESIDENT,NA,LIB,Gary Johnson,138
Ada,UNITED STATES PRESIDENT,NA,IND,Evan McMullin,11226
Adams,UNITED STATES PRESIDENT,NA,IND,Evan McMullin,80
Bannock,UNITED STATES PRESIDENT,NA,IND,Evan McMullin,3449
Bear Lake,UNITED STATES PRESIDENT,NA,IND,Evan McMullin,366
Benewah,UNITED STATES PRESIDENT,NA,IND,Evan McMullin,61
Bingham,UNITED STATES PRESIDENT,NA,IND,Evan McMullin,2002
Blaine,UNITED STATES PRESIDENT,NA,IND,Evan McMullin,289
Boise,UNITED STATES PRESIDENT,NA,IND,Evan McMullin,112
Bonner,UNITED STATES PRESIDENT,NA,IND,Evan McMullin,372
Bonneville,UNITED STATES PRESIDENT,NA,IND,Evan McMullin,6022
Boundary,UNITED STATES PRESIDENT,NA,IND,Evan McMullin,130
Butte,UNITED STATES PRESIDENT,NA,IND,Evan McMullin,114
Camas,UNITED STATES PRESIDENT,NA,IND,Evan McMullin,33
Canyon,UNITED STATES PRESIDENT,NA,IND,Evan McMullin,4216
Caribou,UNITED STATES PRESIDENT,NA,IND,Evan McMullin,372
Cassia,UNITED STATES PRESIDENT,NA,IND,Evan McMullin,853
Clark,UNITED STATES PRESIDENT,NA,IND,Evan McMullin,23
Clearwater,UNITED STATES PRESIDENT,NA,IND,Evan McMullin,72
Custer,UNITED STATES PRESIDENT,NA,IND,Evan McMullin,82
Elmore,UNITED STATES PRESIDENT,NA,IND,Evan McMullin,376
Franklin,UNITED STATES PRESIDENT,NA,IND,Evan McMullin,912
Fremont,UNITED STATES PRESIDENT,NA,IND,Evan McMullin,751
Gem,UNITED STATES PRESIDENT,NA,IND,Evan McMullin,357
Gooding,UNITED STATES PRESIDENT,NA,IND,Evan McMullin,293
Idaho,UNITED STATES PRESIDENT,NA,IND,Evan McMullin,165
Jefferson,UNITED STATES PRESIDENT,NA,IND,Evan McMullin,1560
Jerome,UNITED STATES PRESIDENT,NA,IND,Evan McMullin,419
Kootenai,UNITED STATES PRESIDENT,NA,IND,Evan McMullin,1557
Latah,UNITED STATES PRESIDENT,NA,IND,Evan McMullin,696
Lemhi,UNITED STATES PRESIDENT,NA,IND,Evan McMullin,139
Lewis,UNITED STATES PRESIDENT,NA,IND,Evan McMullin,17
Lincoln,UNITED STATES PRESIDENT,NA,IND,Evan McMullin,102
Madison,UNITED STATES PRESIDENT,NA,IND,Evan McMullin,4669
Minidoka,UNITED STATES PRESIDENT,NA,IND,Evan McMullin,463
Nez Perce,UNITED STATES PRESIDENT,NA,IND,Evan McMullin,352
Oneida,UNITED STATES PRESIDENT,NA,IND,Evan McMullin,271
Owyhee,UNITED STATES PRESIDENT,NA,IND,Evan McMullin,108
Payette,UNITED STATES PRESIDENT,NA,IND,Evan McMullin,314
Power,UNITED STATES PRESIDENT,NA,IND,Evan McMullin,233
Shoshone,UNITED STATES PRESIDENT,NA,IND,Evan McMullin,87
Teton,UNITED STATES PRESIDENT,NA,IND,Evan McMullin,327
Twin Falls,UNITED STATES PRESIDENT,NA,IND,Evan McMullin,2065
Valley,UNITED STATES PRESIDENT,NA,IND,Evan McMullin,194
Washington,UNITED STATES PRESIDENT,NA,IND,Evan McMullin,175
Ada,UNITED STATES PRESIDENT,NA,IND,Jill Stein,3138
Adams,UNITED STATES PRESIDENT,NA,IND,Jill Stein,19
Bannock,UNITED STATES PRESIDENT,NA,IND,Jill Stein,518
Bear Lake,UNITED STATES PRESIDENT,NA,IND,Jill Stein,11
Benewah,UNITED STATES PRESIDENT,NA,IND,Jill Stein,42
Bingham,UNITED STATES PRESIDENT,NA,IND,Jill Stein,124
Blaine,UNITED STATES PRESIDENT,NA,IND,Jill Stein,176
Boise,UNITED STATES PRESIDENT,NA,IND,Jill Stein,35
Bonner,UNITED STATES PRESIDENT,NA,IND,Jill Stein,396
Bonneville,UNITED STATES PRESIDENT,NA,IND,Jill Stein,399
Boundary,UNITED STATES PRESIDENT,NA,IND,Jill Stein,80
Butte,UNITED STATES PRESIDENT,NA,IND,Jill Stein,7
Camas,UNITED STATES PRESIDENT,NA,IND,Jill Stein,6
Canyon,UNITED STATES PRESIDENT,NA,IND,Jill Stein,797
Caribou,UNITED STATES PRESIDENT,NA,IND,Jill Stein,15
Cassia,UNITED STATES PRESIDENT,NA,IND,Jill Stein,37
Clark,UNITED STATES PRESIDENT,NA,IND,Jill Stein,1
Clearwater,UNITED STATES PRESIDENT,NA,IND,Jill Stein,38
Custer,UNITED STATES PRESIDENT,NA,IND,Jill Stein,30
Elmore,UNITED STATES PRESIDENT,NA,IND,Jill Stein,77
Franklin,UNITED STATES PRESIDENT,NA,IND,Jill Stein,30
Fremont,UNITED STATES PRESIDENT,NA,IND,Jill Stein,20
Gem,UNITED STATES PRESIDENT,NA,IND,Jill Stein,57
Gooding,UNITED STATES PRESIDENT,NA,IND,Jill Stein,30
Idaho,UNITED STATES PRESIDENT,NA,IND,Jill Stein,52
Jefferson,UNITED STATES PRESIDENT,NA,IND,Jill Stein,55
Jerome,UNITED STATES PRESIDENT,NA,IND,Jill Stein,52
Kootenai,UNITED STATES PRESIDENT,NA,IND,Jill Stein,744
Latah,UNITED STATES PRESIDENT,NA,IND,Jill Stein,463
Lemhi,UNITED STATES PRESIDENT,NA,IND,Jill Stein,31
Lewis,UNITED STATES PRESIDENT,NA,IND,Jill Stein,13
Lincoln,UNITED STATES PRESIDENT,NA,IND,Jill Stein,18
Madison,UNITED STATES PRESIDENT,NA,IND,Jill Stein,69
Minidoka,UNITED STATES PRESIDENT,NA,IND,Jill Stein,41
Nez Perce,UNITED STATES PRESIDENT,NA,IND,Jill Stein,203
Oneida,UNITED STATES PRESIDENT,NA,IND,Jill Stein,3
Owyhee,UNITED STATES PRESIDENT,NA,IND,Jill Stein,26
Payette,UNITED STATES PRESIDENT,NA,IND,Jill Stein,59
Power,UNITED STATES PRESIDENT,NA,IND,Jill Stein,26
Shoshone,UNITED STATES PRESIDENT,NA,IND,Jill Stein,54
Teton,UNITED STATES PRESIDENT,NA,IND,Jill Stein,99
Twin Falls,UNITED STATES PRESIDENT,NA,IND,Jill Stein,326
Valley,UNITED STATES PRESIDENT,NA,IND,Jill Stein,53
Washington,UNITED STATES PRESIDENT,NA,IND,Jill Stein,26
Ada,UNITED STATES PRESIDENT,NA,REP,Donald J. Trump,93752
Adams,UNITED STATES PRESIDENT,NA,REP,Donald J. Trump,1556
Bannock,UNITED STATES PRESIDENT,NA,REP,Donald J. Trump,17180
Bear Lake,UNITED STATES PRESIDENT,NA,REP,Donald J. Trump,2203
Benewah,UNITED STATES PRESIDENT,NA,REP,Donald J. Trump,3103
Bingham,UNITED STATES PRESIDENT,NA,REP,Donald J. Trump,10907
Blaine,UNITED STATES PRESIDENT,NA,REP,Donald J. Trump,3340
Boise,UNITED STATES PRESIDENT,NA,REP,Donald J. Trump,2673
Bonner,UNITED STATES PRESIDENT,NA,REP,Donald J. Trump,13343
Bonneville,UNITED STATES PRESIDENT,NA,REP,Donald J. Trump,26699
Boundary,UNITED STATES PRESIDENT,NA,REP,Donald J. Trump,3789
Butte,UNITED STATES PRESIDENT,NA,REP,Donald J. Trump,914
Camas,UNITED STATES PRESIDENT,NA,REP,Donald J. Trump,410
Canyon,UNITED STATES PRESIDENT,NA,REP,Donald J. Trump,47222
Caribou,UNITED STATES PRESIDENT,NA,REP,Donald J. Trump,2275
Cassia,UNITED STATES PRESIDENT,NA,REP,Donald J. Trump,5949
Clark,UNITED STATES PRESIDENT,NA,REP,Donald J. Trump,203
Clearwater,UNITED STATES PRESIDENT,NA,REP,Donald J. Trump,2852
Custer,UNITED STATES PRESIDENT,NA,REP,Donald J. Trump,1777
Elmore,UNITED STATES PRESIDENT,NA,REP,Donald J. Trump,5816
Franklin,UNITED STATES PRESIDENT,NA,REP,Donald J. Trump,3901
Fremont,UNITED STATES PRESIDENT,NA,REP,Donald J. Trump,4090
Gem,UNITED STATES PRESIDENT,NA,REP,Donald J. Trump,5980
Gooding,UNITED STATES PRESIDENT,NA,REP,Donald J. Trump,3743
Idaho,UNITED STATES PRESIDENT,NA,REP,Donald J. Trump,6441
Jefferson,UNITED STATES PRESIDENT,NA,REP,Donald J. Trump,8436
Jerome,UNITED STATES PRESIDENT,NA,REP,Donald J. Trump,4644
Kootenai,UNITED STATES PRESIDENT,NA,REP,Donald J. Trump,44449
Latah,UNITED STATES PRESIDENT,NA,REP,Donald J. Trump,7265
Lemhi,UNITED STATES PRESIDENT,NA,REP,Donald J. Trump,3011
Lewis,UNITED STATES PRESIDENT,NA,REP,Donald J. Trump,1202
Lincoln,UNITED STATES PRESIDENT,NA,REP,Donald J. Trump,1184
Madison,UNITED STATES PRESIDENT,NA,REP,Donald J. Trump,8941
Minidoka,UNITED STATES PRESIDENT,NA,REP,Donald J. Trump,4887
Nez Perce,UNITED STATES PRESIDENT,NA,REP,Donald J. Trump,10699
Oneida,UNITED STATES PRESIDENT,NA,REP,Donald J. Trump,1531
Owyhee,UNITED STATES PRESIDENT,NA,REP,Donald J. Trump,3052
Payette,UNITED STATES PRESIDENT,NA,REP,Donald J. Trump,6489
Power,UNITED STATES PRESIDENT,NA,REP,Donald J. Trump,1666
Shoshone,UNITED STATES PRESIDENT,NA,REP,Donald J. Trump,3297
Teton,UNITED STATES PRESIDENT,NA,REP,Donald J. Trump,2167
Twin Falls,UNITED STATES PRESIDENT,NA,REP,Donald J. Trump,19828
Valley,UNITED STATES PRESIDENT,NA,REP,Donald J. Trump,2906
Washington,UNITED STATES PRESIDENT,NA,REP,Donald J. Trump,3283
Ada,UNITED STATES SENATOR,NA,REP,Mike Crapo,104650
Adams,UNITED STATES SENATOR,NA,REP,Mike Crapo,1463
Bannock,UNITED STATES SENATOR,NA,REP,Mike Crapo,19883
Bear Lake,UNITED STATES SENATOR,NA,REP,Mike Crapo,2415
Benewah,UNITED STATES SENATOR,NA,REP,Mike Crapo,3103
Bingham,UNITED STATES SENATOR,NA,REP,Mike Crapo,12114
Blaine,UNITED STATES SENATOR,NA,REP,Mike Crapo,4562
Boise,UNITED STATES SENATOR,NA,REP,Mike Crapo,2497
Bonner,UNITED STATES SENATOR,NA,REP,Mike Crapo,13908
Bonneville,UNITED STATES SENATOR,NA,REP,Mike Crapo,31093
Boundary,UNITED STATES SENATOR,NA,REP,Mike Crapo,3961
Butte,UNITED STATES SENATOR,NA,REP,Mike Crapo,948
Camas,UNITED STATES SENATOR,NA,REP,Mike Crapo,414
Canyon,UNITED STATES SENATOR,NA,REP,Mike Crapo,50006
Caribou,UNITED STATES SENATOR,NA,REP,Mike Crapo,2450
Cassia,UNITED STATES SENATOR,NA,REP,Mike Crapo,6418
Clark,UNITED STATES SENATOR,NA,REP,Mike Crapo,225
Clearwater,UNITED STATES SENATOR,NA,REP,Mike Crapo,2865
Custer,UNITED STATES SENATOR,NA,REP,Mike Crapo,1693
Elmore,UNITED STATES SENATOR,NA,REP,Mike Crapo,6059
Franklin,UNITED STATES SENATOR,NA,REP,Mike Crapo,4682
Fremont,UNITED STATES SENATOR,NA,REP,Mike Crapo,4521
Gem,UNITED STATES SENATOR,NA,REP,Mike Crapo,5779
Gooding,UNITED STATES SENATOR,NA,REP,Mike Crapo,3834
Idaho,UNITED STATES SENATOR,NA,REP,Mike Crapo,6272
Jefferson,UNITED STATES SENATOR,NA,REP,Mike Crapo,9120
Jerome,UNITED STATES SENATOR,NA,REP,Mike Crapo,4931
Kootenai,UNITED STATES SENATOR,NA,REP,Mike Crapo,47636
Latah,UNITED STATES SENATOR,NA,REP,Mike Crapo,9626
Lemhi,UNITED STATES SENATOR,NA,REP,Mike Crapo,3013
Lewis,UNITED STATES SENATOR,NA,REP,Mike Crapo,1239
Lincoln,UNITED STATES SENATOR,NA,REP,Mike Crapo,1263
Madison,UNITED STATES SENATOR,NA,REP,Mike Crapo,12826
Minidoka,UNITED STATES SENATOR,NA,REP,Mike Crapo,5067
Nez Perce,UNITED STATES SENATOR,NA,REP,Mike Crapo,12188
Oneida,UNITED STATES SENATOR,NA,REP,Mike Crapo,1719
Owyhee,UNITED STATES SENATOR,NA,REP,Mike Crapo,2909
Payette,UNITED STATES SENATOR,NA,REP,Mike Crapo,6480
Power,UNITED STATES SENATOR,NA,REP,Mike Crapo,1942
Shoshone,UNITED STATES SENATOR,NA,REP,Mike Crapo,3463
Teton,UNITED STATES SENATOR,NA,REP,Mike Crapo,2659
Twin Falls,UNITED STATES SENATOR,NA,REP,Mike Crapo,20701
Valley,UNITED STATES SENATOR,NA,REP,Mike Crapo,3202
Washington,UNITED STATES SENATOR,NA,REP,Mike Crapo,3218
Ada,UNITED STATES SENATOR,NA,DEM,Jerry Sturgill,72847
Adams,UNITED STATES SENATOR,NA,DEM,Jerry Sturgill,459
Bannock,UNITED STATES SENATOR,NA,DEM,Jerry Sturgill,11585
Bear Lake,UNITED STATES SENATOR,NA,DEM,Jerry Sturgill,291
Benewah,UNITED STATES SENATOR,NA,DEM,Jerry Sturgill,746
Bingham,UNITED STATES SENATOR,NA,DEM,Jerry Sturgill,2997
Blaine,UNITED STATES SENATOR,NA,DEM,Jerry Sturgill,5961
Boise,UNITED STATES SENATOR,NA,DEM,Jerry Sturgill,860
Bonner,UNITED STATES SENATOR,NA,DEM,Jerry Sturgill,5767
Bonneville,UNITED STATES SENATOR,NA,DEM,Jerry Sturgill,9158
Boundary,UNITED STATES SENATOR,NA,DEM,Jerry Sturgill,920
Butte,UNITED STATES SENATOR,NA,DEM,Jerry Sturgill,185
Camas,UNITED STATES SENATOR,NA,DEM,Jerry Sturgill,126
Canyon,UNITED STATES SENATOR,NA,DEM,Jerry Sturgill,17007
Caribou,UNITED STATES SENATOR,NA,DEM,Jerry Sturgill,350
Cassia,UNITED STATES SENATOR,NA,DEM,Jerry Sturgill,1011
Clark,UNITED STATES SENATOR,NA,DEM,Jerry Sturgill,32
Clearwater,UNITED STATES SENATOR,NA,DEM,Jerry Sturgill,711
Custer,UNITED STATES SENATOR,NA,DEM,Jerry Sturgill,429
Elmore,UNITED STATES SENATOR,NA,DEM,Jerry Sturgill,1752
Franklin,UNITED STATES SENATOR,NA,DEM,Jerry Sturgill,441
Fremont,UNITED STATES SENATOR,NA,DEM,Jerry Sturgill,692
Gem,UNITED STATES SENATOR,NA,DEM,Jerry Sturgill,1378
Gooding,UNITED STATES SENATOR,NA,DEM,Jerry Sturgill,958
Idaho,UNITED STATES SENATOR,NA,DEM,Jerry Sturgill,1247
Jefferson,UNITED STATES SENATOR,NA,DEM,Jerry Sturgill,1196
Jerome,UNITED STATES SENATOR,NA,DEM,Jerry Sturgill,1253
Kootenai,UNITED STATES SENATOR,NA,DEM,Jerry Sturgill,15365
Latah,UNITED STATES SENATOR,NA,DEM,Jerry Sturgill,8050
Lemhi,UNITED STATES SENATOR,NA,DEM,Jerry Sturgill,723
Lewis,UNITED STATES SENATOR,NA,DEM,Jerry Sturgill,257
Lincoln,UNITED STATES SENATOR,NA,DEM,Jerry Sturgill,354
Madison,UNITED STATES SENATOR,NA,DEM,Jerry Sturgill,1473
Minidoka,UNITED STATES SENATOR,NA,DEM,Jerry Sturgill,1108
Nez Perce,UNITED STATES SENATOR,NA,DEM,Jerry Sturgill,4621
Oneida,UNITED STATES SENATOR,NA,DEM,Jerry Sturgill,206
Owyhee,UNITED STATES SENATOR,NA,DEM,Jerry Sturgill,581
Payette,UNITED STATES SENATOR,NA,DEM,Jerry Sturgill,1549
Power,UNITED STATES SENATOR,NA,DEM,Jerry Sturgill,686
Shoshone,UNITED STATES SENATOR,NA,DEM,Jerry Sturgill,1477
Teton,UNITED STATES SENATOR,NA,DEM,Jerry Sturgill,2156
Twin Falls,UNITED STATES SENATOR,NA,DEM,Jerry Sturgill,6559
Valley,UNITED STATES SENATOR,NA,DEM,Jerry Sturgill,1883
Washington,UNITED STATES SENATOR,NA,DEM,Jerry Sturgill,842
Ada,UNITED STATES SENATOR,NA,CON,Ray J. Writz,9646
Adams,UNITED STATES SENATOR,NA,CON,Ray J. Writz,202
Bannock,UNITED STATES SENATOR,NA,CON,Ray J. Writz,2181
Bear Lake,UNITED STATES SENATOR,NA,CON,Ray J. Writz,208
Benewah,UNITED STATES SENATOR,NA,CON,Ray J. Writz,293
Bingham,UNITED STATES SENATOR,NA,CON,Ray J. Writz,1401
Blaine,UNITED STATES SENATOR,NA,CON,Ray J. Writz,226
Boise,UNITED STATES SENATOR,NA,CON,Ray J. Writz,391
Bonner,UNITED STATES SENATOR,NA,CON,Ray J. Writz,1029
Bonneville,UNITED STATES SENATOR,NA,CON,Ray J. Writz,3229
Boundary,UNITED STATES SENATOR,NA,CON,Ray J. Writz,274
Butte,UNITED STATES SENATOR,NA,CON,Ray J. Writz,100
Camas,UNITED STATES SENATOR,NA,CON,Ray J. Writz,36
Canyon,UNITED STATES SENATOR,NA,CON,Ray J. Writz,5242
Caribou,UNITED STATES SENATOR,NA,CON,Ray J. Writz,234
Cassia,UNITED STATES SENATOR,NA,CON,Ray J. Writz,721
Clark,UNITED STATES SENATOR,NA,CON,Ray J. Writz,23
Clearwater,UNITED STATES SENATOR,NA,CON,Ray J. Writz,158
Custer,UNITED STATES SENATOR,NA,CON,Ray J. Writz,253
Elmore,UNITED STATES SENATOR,NA,CON,Ray J. Writz,610
Franklin,UNITED STATES SENATOR,NA,CON,Ray J. Writz,365
Fremont,UNITED STATES SENATOR,NA,CON,Ray J. Writz,498
Gem,UNITED STATES SENATOR,NA,CON,Ray J. Writz,694
Gooding,UNITED STATES SENATOR,NA,CON,Ray J. Writz,399
Idaho,UNITED STATES SENATOR,NA,CON,Ray J. Writz,594
Jefferson,UNITED STATES SENATOR,NA,CON,Ray J. Writz,1067
Jerome,UNITED STATES SENATOR,NA,CON,Ray J. Writz,574
Kootenai,UNITED STATES SENATOR,NA,CON,Ray J. Writz,2945
Latah,UNITED STATES SENATOR,NA,CON,Ray J. Writz,645
Lemhi,UNITED STATES SENATOR,NA,CON,Ray J. Writz,309
Lewis,UNITED STATES SENATOR,NA,CON,Ray J. Writz,102
Lincoln,UNITED STATES SENATOR,NA,CON,Ray J. Writz,123
Madison,UNITED STATES SENATOR,NA,CON,Ray J. Writz,1117
Minidoka,UNITED STATES SENATOR,NA,CON,Ray J. Writz,591
Nez Perce,UNITED STATES SENATOR,NA,CON,Ray J. Writz,560
Oneida,UNITED STATES SENATOR,NA,CON,Ray J. Writz,133
Owyhee,UNITED STATES SENATOR,NA,CON,Ray J. Writz,344
Payette,UNITED STATES SENATOR,NA,CON,Ray J. Writz,600
Power,UNITED STATES SENATOR,NA,CON,Ray J. Writz,162
Shoshone,UNITED STATES SENATOR,NA,CON,Ray J. Writz,205
Teton,UNITED STATES SENATOR,NA,CON,Ray J. Writz,170
Twin Falls,UNITED STATES SENATOR,NA,CON,Ray J. Writz,2452
Valley,UNITED STATES SENATOR,NA,CON,Ray J. Writz,240
Washington,UNITED STATES SENATOR,NA,CON,Ray J. Writz,331
Ada,UNITED STATES REPRESENTATIVE DISTRICT 1,1,REP,Raul R. Labrador,65546
Adams,UNITED STATES REPRESENTATIVE DISTRICT 1,1,REP,Raul R. Labrador,1534
Bannock,UNITED STATES REPRESENTATIVE DISTRICT 1,1,REP,Raul R. Labrador,NA
Bear Lake,UNITED STATES REPRESENTATIVE DISTRICT 1,1,REP,Raul R. Labrador,NA
Benewah,UNITED STATES REPRESENTATIVE DISTRICT 1,1,REP,Raul R. Labrador,3114
Bingham,UNITED STATES REPRESENTATIVE DISTRICT 1,1,REP,Raul R. Labrador,NA
Blaine,UNITED STATES REPRESENTATIVE DISTRICT 1,1,REP,Raul R. Labrador,NA
Boise,UNITED STATES REPRESENTATIVE DISTRICT 1,1,REP,Raul R. Labrador,2599
Bonner,UNITED STATES REPRESENTATIVE DISTRICT 1,1,REP,Raul R. Labrador,13617
Bonneville,UNITED STATES REPRESENTATIVE DISTRICT 1,1,REP,Raul R. Labrador,NA
Boundary,UNITED STATES REPRESENTATIVE DISTRICT 1,1,REP,Raul R. Labrador,3958
Butte,UNITED STATES REPRESENTATIVE DISTRICT 1,1,REP,Raul R. Labrador,NA
Camas,UNITED STATES REPRESENTATIVE DISTRICT 1,1,REP,Raul R. Labrador,NA
Canyon,UNITED STATES REPRESENTATIVE DISTRICT 1,1,REP,Raul R. Labrador,50174
Caribou,UNITED STATES REPRESENTATIVE DISTRICT 1,1,REP,Raul R. Labrador,NA
Cassia,UNITED STATES REPRESENTATIVE DISTRICT 1,1,REP,Raul R. Labrador,NA
Clark,UNITED STATES REPRESENTATIVE DISTRICT 1,1,REP,Raul R. Labrador,NA
Clearwater,UNITED STATES REPRESENTATIVE DISTRICT 1,1,REP,Raul R. Labrador,2740
Custer,UNITED STATES REPRESENTATIVE DISTRICT 1,1,REP,Raul R. Labrador,NA
Elmore,UNITED STATES REPRESENTATIVE DISTRICT 1,1,REP,Raul R. Labrador,NA
Franklin,UNITED STATES REPRESENTATIVE DISTRICT 1,1,REP,Raul R. Labrador,NA
Fremont,UNITED STATES REPRESENTATIVE DISTRICT 1,1,REP,Raul R. Labrador,NA
Gem,UNITED STATES REPRESENTATIVE DISTRICT 1,1,REP,Raul R. Labrador,5893
Gooding,UNITED STATES REPRESENTATIVE DISTRICT 1,1,REP,Raul R. Labrador,NA
Idaho,UNITED STATES REPRESENTATIVE DISTRICT 1,1,REP,Raul R. Labrador,6406
Jefferson,UNITED STATES REPRESENTATIVE DISTRICT 1,1,REP,Raul R. Labrador,NA
Jerome,UNITED STATES REPRESENTATIVE DISTRICT 1,1,REP,Raul R. Labrador,NA
Kootenai,UNITED STATES REPRESENTATIVE DISTRICT 1,1,REP,Raul R. Labrador,46330
Latah,UNITED STATES REPRESENTATIVE DISTRICT 1,1,REP,Raul R. Labrador,9075
Lemhi,UNITED STATES REPRESENTATIVE DISTRICT 1,1,REP,Raul R. Labrador,NA
Lewis,UNITED STATES REPRESENTATIVE DISTRICT 1,1,REP,Raul R. Labrador,1217
Lincoln,UNITED STATES REPRESENTATIVE DISTRICT 1,1,REP,Raul R. Labrador,NA
Madison,UNITED STATES REPRESENTATIVE DISTRICT 1,1,REP,Raul R. Labrador,NA
Minidoka,UNITED STATES REPRESENTATIVE DISTRICT 1,1,REP,Raul R. Labrador,NA
Nez Perce,UNITED STATES REPRESENTATIVE DISTRICT 1,1,REP,Raul R. Labrador,11162
Oneida,UNITED STATES REPRESENTATIVE DISTRICT 1,1,REP,Raul R. Labrador,NA
Owyhee,UNITED STATES REPRESENTATIVE DISTRICT 1,1,REP,Raul R. Labrador,3027
Payette,UNITED STATES REPRESENTATIVE DISTRICT 1,1,REP,Raul R. Labrador,6392
Power,UNITED STATES REPRESENTATIVE DISTRICT 1,1,REP,Raul R. Labrador,NA
Shoshone,UNITED STATES REPRESENTATIVE DISTRICT 1,1,REP,Raul R. Labrador,3194
Teton,UNITED STATES REPRESENTATIVE DISTRICT 1,1,REP,Raul R. Labrador,NA
Twin Falls,UNITED STATES REPRESENTATIVE DISTRICT 1,1,REP,Raul R. Labrador,NA
Valley,UNITED STATES REPRESENTATIVE DISTRICT 1,1,REP,Raul R. Labrador,3003
Washington,UNITED STATES REPRESENTATIVE DISTRICT 1,1,REP,Raul R. Labrador,3271
Ada,UNITED STATES REPRESENTATIVE DISTRICT 1,1,DEM,James Piotrowski,33138
Adams,UNITED STATES REPRESENTATIVE DISTRICT 1,1,DEM,James Piotrowski,609
Bannock,UNITED STATES REPRESENTATIVE DISTRICT 1,1,DEM,James Piotrowski,NA
Bear Lake,UNITED STATES REPRESENTATIVE DISTRICT 1,1,DEM,James Piotrowski,NA
Benewah,UNITED STATES REPRESENTATIVE DISTRICT 1,1,DEM,James Piotrowski,1002
Bingham,UNITED STATES REPRESENTATIVE DISTRICT 1,1,DEM,James Piotrowski,NA
Blaine,UNITED STATES REPRESENTATIVE DISTRICT 1,1,DEM,James Piotrowski,NA
Boise,UNITED STATES REPRESENTATIVE DISTRICT 1,1,DEM,James Piotrowski,1158
Bonner,UNITED STATES REPRESENTATIVE DISTRICT 1,1,DEM,James Piotrowski,6800
Bonneville,UNITED STATES REPRESENTATIVE DISTRICT 1,1,DEM,James Piotrowski,NA
Boundary,UNITED STATES REPRESENTATIVE DISTRICT 1,1,DEM,James Piotrowski,1149
Butte,UNITED STATES REPRESENTATIVE DISTRICT 1,1,DEM,James Piotrowski,NA
Camas,UNITED STATES REPRESENTATIVE DISTRICT 1,1,DEM,James Piotrowski,NA
Canyon,UNITED STATES REPRESENTATIVE DISTRICT 1,1,DEM,James Piotrowski,21831
Caribou,UNITED STATES REPRESENTATIVE DISTRICT 1,1,DEM,James Piotrowski,NA
Cassia,UNITED STATES REPRESENTATIVE DISTRICT 1,1,DEM,James Piotrowski,NA
Clark,UNITED STATES REPRESENTATIVE DISTRICT 1,1,DEM,James Piotrowski,NA
Clearwater,UNITED STATES REPRESENTATIVE DISTRICT 1,1,DEM,James Piotrowski,962
Custer,UNITED STATES REPRESENTATIVE DISTRICT 1,1,DEM,James Piotrowski,NA
Elmore,UNITED STATES REPRESENTATIVE DISTRICT 1,1,DEM,James Piotrowski,NA
Franklin,UNITED STATES REPRESENTATIVE DISTRICT 1,1,DEM,James Piotrowski,NA
Fremont,UNITED STATES REPRESENTATIVE DISTRICT 1,1,DEM,James Piotrowski,NA
Gem,UNITED STATES REPRESENTATIVE DISTRICT 1,1,DEM,James Piotrowski,1967
Gooding,UNITED STATES REPRESENTATIVE DISTRICT 1,1,DEM,James Piotrowski,NA
Idaho,UNITED STATES REPRESENTATIVE DISTRICT 1,1,DEM,James Piotrowski,1701
Jefferson,UNITED STATES REPRESENTATIVE DISTRICT 1,1,DEM,James Piotrowski,NA
Jerome,UNITED STATES REPRESENTATIVE DISTRICT 1,1,DEM,James Piotrowski,NA
Kootenai,UNITED STATES REPRESENTATIVE DISTRICT 1,1,DEM,James Piotrowski,18880
Latah,UNITED STATES REPRESENTATIVE DISTRICT 1,1,DEM,James Piotrowski,9073
Lemhi,UNITED STATES REPRESENTATIVE DISTRICT 1,1,DEM,James Piotrowski,NA
Lewis,UNITED STATES REPRESENTATIVE DISTRICT 1,1,DEM,James Piotrowski,374
Lincoln,UNITED STATES REPRESENTATIVE DISTRICT 1,1,DEM,James Piotrowski,NA
Madison,UNITED STATES REPRESENTATIVE DISTRICT 1,1,DEM,James Piotrowski,NA
Minidoka,UNITED STATES REPRESENTATIVE DISTRICT 1,1,DEM,James Piotrowski,NA
Nez Perce,UNITED STATES REPRESENTATIVE DISTRICT 1,1,DEM,James Piotrowski,5990
Oneida,UNITED STATES REPRESENTATIVE DISTRICT 1,1,DEM,James Piotrowski,NA
Owyhee,UNITED STATES REPRESENTATIVE DISTRICT 1,1,DEM,James Piotrowski,841
Payette,UNITED STATES REPRESENTATIVE DISTRICT 1,1,DEM,James Piotrowski,2227
Power,UNITED STATES REPRESENTATIVE DISTRICT 1,1,DEM,James Piotrowski,NA
Shoshone,UNITED STATES REPRESENTATIVE DISTRICT 1,1,DEM,James Piotrowski,1887
Teton,UNITED STATES REPRESENTATIVE DISTRICT 1,1,DEM,James Piotrowski,NA
Twin Falls,UNITED STATES REPRESENTATIVE DISTRICT 1,1,DEM,James Piotrowski,NA
Valley,UNITED STATES REPRESENTATIVE DISTRICT 1,1,DEM,James Piotrowski,2324
Washington,UNITED STATES REPRESENTATIVE DISTRICT 1,1,DEM,James Piotrowski,1139
Ada,UNITED STATES REPRESENTATIVE DISTRICT 1,1,W/I,Pro-Life,12
Adams,UNITED STATES REPRESENTATIVE DISTRICT 1,1,W/I,Pro-Life,0
Bannock,UNITED STATES REPRESENTATIVE DISTRICT 1,1,W/I,Pro-Life,NA
Bear Lake,UNITED STATES REPRESENTATIVE DISTRICT 1,1,W/I,Pro-Life,NA
Benewah,UNITED STATES REPRESENTATIVE DISTRICT 1,1,W/I,Pro-Life,0
Bingham,UNITED STATES REPRESENTATIVE DISTRICT 1,1,W/I,Pro-Life,NA
Blaine,UNITED STATES REPRESENTATIVE DISTRICT 1,1,W/I,Pro-Life,NA
Boise,UNITED STATES REPRESENTATIVE DISTRICT 1,1,W/I,Pro-Life,0
Bonner,UNITED STATES REPRESENTATIVE DISTRICT 1,1,W/I,Pro-Life,0
Bonneville,UNITED STATES REPRESENTATIVE DISTRICT 1,1,W/I,Pro-Life,NA
Boundary,UNITED STATES REPRESENTATIVE DISTRICT 1,1,W/I,Pro-Life,0
Butte,UNITED STATES REPRESENTATIVE DISTRICT 1,1,W/I,Pro-Life,NA
Camas,UNITED STATES REPRESENTATIVE DISTRICT 1,1,W/I,Pro-Life,NA
Canyon,UNITED STATES REPRESENTATIVE DISTRICT 1,1,W/I,Pro-Life,14
Caribou,UNITED STATES REPRESENTATIVE DISTRICT 1,1,W/I,Pro-Life,NA
Cassia,UNITED STATES REPRESENTATIVE DISTRICT 1,1,W/I,Pro-Life,NA
Clark,UNITED STATES REPRESENTATIVE DISTRICT 1,1,W/I,Pro-Life,NA
Clearwater,UNITED STATES REPRESENTATIVE DISTRICT 1,1,W/I,Pro-Life,0
Custer,UNITED STATES REPRESENTATIVE DISTRICT 1,1,W/I,Pro-Life,NA
Elmore,UNITED STATES REPRESENTATIVE DISTRICT 1,1,W/I,Pro-Life,NA
Franklin,UNITED STATES REPRESENTATIVE DISTRICT 1,1,W/I,Pro-Life,NA
Fremont,UNITED STATES REPRESENTATIVE DISTRICT 1,1,W/I,Pro-Life,NA
Gem,UNITED STATES REPRESENTATIVE DISTRICT 1,1,W/I,Pro-Life,3
Gooding,UNITED STATES REPRESENTATIVE DISTRICT 1,1,W/I,Pro-Life,NA
Idaho,UNITED STATES REPRESENTATIVE DISTRICT 1,1,W/I,Pro-Life,0
Jefferson,UNITED STATES REPRESENTATIVE DISTRICT 1,1,W/I,Pro-Life,NA
Jerome,UNITED STATES REPRESENTATIVE DISTRICT 1,1,W/I,Pro-Life,NA
Kootenai,UNITED STATES REPRESENTATIVE DISTRICT 1,1,W/I,Pro-Life,0
Latah,UNITED STATES REPRESENTATIVE DISTRICT 1,1,W/I,Pro-Life,0
Lemhi,UNITED STATES REPRESENTATIVE DISTRICT 1,1,W/I,Pro-Life,NA
Lewis,UNITED STATES REPRESENTATIVE DISTRICT 1,1,W/I,Pro-Life,0
Lincoln,UNITED STATES REPRESENTATIVE DISTRICT 1,1,W/I,Pro-Life,NA
Madison,UNITED STATES REPRESENTATIVE DISTRICT 1,1,W/I,Pro-Life,NA
Minidoka,UNITED STATES REPRESENTATIVE DISTRICT 1,1,W/I,Pro-Life,NA
Nez Perce,UNITED STATES REPRESENTATIVE DISTRICT 1,1,W/I,Pro-Life,0
Oneida,UNITED STATES REPRESENTATIVE DISTRICT 1,1,W/I,Pro-Life,NA
Owyhee,UNITED STATES REPRESENTATIVE DISTRICT 1,1,W/I,Pro-Life,1
Payette,UNITED STATES REPRESENTATIVE DISTRICT 1,1,W/I,Pro-Life,23
Power,UNITED STATES REPRESENTATIVE DISTRICT 1,1,W/I,Pro-Life,NA
Shoshone,UNITED STATES REPRESENTATIVE DISTRICT 1,1,W/I,Pro-Life,0
Teton,UNITED STATES REPRESENTATIVE DISTRICT 1,1,W/I,Pro-Life,NA
Twin Falls,UNITED STATES REPRESENTATIVE DISTRICT 1,1,W/I,Pro-Life,NA
Valley,UNITED STATES REPRESENTATIVE DISTRICT 1,1,W/I,Pro-Life,0
Washington,UNITED STATES REPRESENTATIVE DISTRICT 1,1,W/I,Pro-Life,0
Ada,UNITED STATES REPRESENTATIVE DISTRICT 2,2,DEM,Jennifer Martinez,44551
Adams,UNITED STATES REPRESENTATIVE DISTRICT 2,2,DEM,Jennifer Martinez,NA
Bannock,UNITED STATES REPRESENTATIVE DISTRICT 2,2,DEM,Jennifer Martinez,11671
Bear Lake,UNITED STATES REPRESENTATIVE DISTRICT 2,2,DEM,Jennifer Martinez,322
Benewah,UNITED STATES REPRESENTATIVE DISTRICT 2,2,DEM,Jennifer Martinez,NA
Bingham,UNITED STATES REPRESENTATIVE DISTRICT 2,2,DEM,Jennifer Martinez,3049
Blaine,UNITED STATES REPRESENTATIVE DISTRICT 2,2,DEM,Jennifer Martinez,5640
Boise,UNITED STATES REPRESENTATIVE DISTRICT 2,2,DEM,Jennifer Martinez,NA
Bonner,UNITED STATES REPRESENTATIVE DISTRICT 2,2,DEM,Jennifer Martinez,NA
Bonneville,UNITED STATES REPRESENTATIVE DISTRICT 2,2,DEM,Jennifer Martinez,8699
Boundary,UNITED STATES REPRESENTATIVE DISTRICT 2,2,DEM,Jennifer Martinez,NA
Butte,UNITED STATES REPRESENTATIVE DISTRICT 2,2,DEM,Jennifer Martinez,170
Camas,UNITED STATES REPRESENTATIVE DISTRICT 2,2,DEM,Jennifer Martinez,125
Canyon,UNITED STATES REPRESENTATIVE DISTRICT 2,2,DEM,Jennifer Martinez,NA
Caribou,UNITED STATES REPRESENTATIVE DISTRICT 2,2,DEM,Jennifer Martinez,354
Cassia,UNITED STATES REPRESENTATIVE DISTRICT 2,2,DEM,Jennifer Martinez,1091
Clark,UNITED STATES REPRESENTATIVE DISTRICT 2,2,DEM,Jennifer Martinez,38
Clearwater,UNITED STATES REPRESENTATIVE DISTRICT 2,2,DEM,Jennifer Martinez,NA
Custer,UNITED STATES REPRESENTATIVE DISTRICT 2,2,DEM,Jennifer Martinez,413
Elmore,UNITED STATES REPRESENTATIVE DISTRICT 2,2,DEM,Jennifer Martinez,1858
Franklin,UNITED STATES REPRESENTATIVE DISTRICT 2,2,DEM,Jennifer Martinez,477
Fremont,UNITED STATES REPRESENTATIVE DISTRICT 2,2,DEM,Jennifer Martinez,735
Gem,UNITED STATES REPRESENTATIVE DISTRICT 2,2,DEM,Jennifer Martinez,NA
Gooding,UNITED STATES REPRESENTATIVE DISTRICT 2,2,DEM,Jennifer Martinez,1000
Idaho,UNITED STATES REPRESENTATIVE DISTRICT 2,2,DEM,Jennifer Martinez,NA
Jefferson,UNITED STATES REPRESENTATIVE DISTRICT 2,2,DEM,Jennifer Martinez,1249
Jerome,UNITED STATES REPRESENTATIVE DISTRICT 2,2,DEM,Jennifer Martinez,1320
Kootenai,UNITED STATES REPRESENTATIVE DISTRICT 2,2,DEM,Jennifer Martinez,NA
Latah,UNITED STATES REPRESENTATIVE DISTRICT 2,2,DEM,Jennifer Martinez,NA
Lemhi,UNITED STATES REPRESENTATIVE DISTRICT 2,2,DEM,Jennifer Martinez,716
Lewis,UNITED STATES REPRESENTATIVE DISTRICT 2,2,DEM,Jennifer Martinez,NA
Lincoln,UNITED STATES REPRESENTATIVE DISTRICT 2,2,DEM,Jennifer Martinez,376
Madison,UNITED STATES REPRESENTATIVE DISTRICT 2,2,DEM,Jennifer Martinez,1469
Minidoka,UNITED STATES REPRESENTATIVE DISTRICT 2,2,DEM,Jennifer Martinez,1221
Nez Perce,UNITED STATES REPRESENTATIVE DISTRICT 2,2,DEM,Jennifer Martinez,NA
Oneida,UNITED STATES REPRESENTATIVE DISTRICT 2,2,DEM,Jennifer Martinez,223
Owyhee,UNITED STATES REPRESENTATIVE DISTRICT 2,2,DEM,Jennifer Martinez,NA
Payette,UNITED STATES REPRESENTATIVE DISTRICT 2,2,DEM,Jennifer Martinez,NA
Power,UNITED STATES REPRESENTATIVE DISTRICT 2,2,DEM,Jennifer Martinez,696
Shoshone,UNITED STATES REPRESENTATIVE DISTRICT 2,2,DEM,Jennifer Martinez,NA
Teton,UNITED STATES REPRESENTATIVE DISTRICT 2,2,DEM,Jennifer Martinez,2182
Twin Falls,UNITED STATES REPRESENTATIVE DISTRICT 2,2,DEM,Jennifer Martinez,6295
Valley,UNITED STATES REPRESENTATIVE DISTRICT 2,2,DEM,Jennifer Martinez,NA
Washington,UNITED STATES REPRESENTATIVE DISTRICT 2,2,DEM,Jennifer Martinez,NA
Ada,UNITED STATES REPRESENTATIVE DISTRICT 2,2,REP,Mike Simpson,45231
Adams,UNITED STATES REPRESENTATIVE DISTRICT 2,2,REP,Mike Simpson,NA
Bannock,UNITED STATES REPRESENTATIVE DISTRICT 2,2,REP,Mike Simpson,19311
Bear Lake,UNITED STATES REPRESENTATIVE DISTRICT 2,2,REP,Mike Simpson,2375
Benewah,UNITED STATES REPRESENTATIVE DISTRICT 2,2,REP,Mike Simpson,NA
Bingham,UNITED STATES REPRESENTATIVE DISTRICT 2,2,REP,Mike Simpson,11578
Blaine,UNITED STATES REPRESENTATIVE DISTRICT 2,2,REP,Mike Simpson,4820
Boise,UNITED STATES REPRESENTATIVE DISTRICT 2,2,REP,Mike Simpson,NA
Bonner,UNITED STATES REPRESENTATIVE DISTRICT 2,2,REP,Mike Simpson,NA
Bonneville,UNITED STATES REPRESENTATIVE DISTRICT 2,2,REP,Mike Simpson,30653
Boundary,UNITED STATES REPRESENTATIVE DISTRICT 2,2,REP,Mike Simpson,NA
Butte,UNITED STATES REPRESENTATIVE DISTRICT 2,2,REP,Mike Simpson,941
Camas,UNITED STATES REPRESENTATIVE DISTRICT 2,2,REP,Mike Simpson,416
Canyon,UNITED STATES REPRESENTATIVE DISTRICT 2,2,REP,Mike Simpson,NA
Caribou,UNITED STATES REPRESENTATIVE DISTRICT 2,2,REP,Mike Simpson,2399
Cassia,UNITED STATES REPRESENTATIVE DISTRICT 2,2,REP,Mike Simpson,6135
Clark,UNITED STATES REPRESENTATIVE DISTRICT 2,2,REP,Mike Simpson,212
Clearwater,UNITED STATES REPRESENTATIVE DISTRICT 2,2,REP,Mike Simpson,NA
Custer,UNITED STATES REPRESENTATIVE DISTRICT 2,2,REP,Mike Simpson,1628
Elmore,UNITED STATES REPRESENTATIVE DISTRICT 2,2,REP,Mike Simpson,5842
Franklin,UNITED STATES REPRESENTATIVE DISTRICT 2,2,REP,Mike Simpson,4590
Fremont,UNITED STATES REPRESENTATIVE DISTRICT 2,2,REP,Mike Simpson,4351
Gem,UNITED STATES REPRESENTATIVE DISTRICT 2,2,REP,Mike Simpson,NA
Gooding,UNITED STATES REPRESENTATIVE DISTRICT 2,2,REP,Mike Simpson,3676
Idaho,UNITED STATES REPRESENTATIVE DISTRICT 2,2,REP,Mike Simpson,NA
Jefferson,UNITED STATES REPRESENTATIVE DISTRICT 2,2,REP,Mike Simpson,8765
Jerome,UNITED STATES REPRESENTATIVE DISTRICT 2,2,REP,Mike Simpson,4710
Kootenai,UNITED STATES REPRESENTATIVE DISTRICT 2,2,REP,Mike Simpson,NA
Latah,UNITED STATES REPRESENTATIVE DISTRICT 2,2,REP,Mike Simpson,NA
Lemhi,UNITED STATES REPRESENTATIVE DISTRICT 2,2,REP,Mike Simpson,2940
Lewis,UNITED STATES REPRESENTATIVE DISTRICT 2,2,REP,Mike Simpson,NA
Lincoln,UNITED STATES REPRESENTATIVE DISTRICT 2,2,REP,Mike Simpson,1221
Madison,UNITED STATES REPRESENTATIVE DISTRICT 2,2,REP,Mike Simpson,12473
Minidoka,UNITED STATES REPRESENTATIVE DISTRICT 2,2,REP,Mike Simpson,4785
Nez Perce,UNITED STATES REPRESENTATIVE DISTRICT 2,2,REP,Mike Simpson,NA
Oneida,UNITED STATES REPRESENTATIVE DISTRICT 2,2,REP,Mike Simpson,1653
Owyhee,UNITED STATES REPRESENTATIVE DISTRICT 2,2,REP,Mike Simpson,NA
Payette,UNITED STATES REPRESENTATIVE DISTRICT 2,2,REP,Mike Simpson,NA
Power,UNITED STATES REPRESENTATIVE DISTRICT 2,2,REP,Mike Simpson,1885
Shoshone,UNITED STATES REPRESENTATIVE DISTRICT 2,2,REP,Mike Simpson,NA
Teton,UNITED STATES REPRESENTATIVE DISTRICT 2,2,REP,Mike Simpson,2605
Twin Falls,UNITED STATES REPRESENTATIVE DISTRICT 2,2,REP,Mike Simpson,20097
Valley,UNITED STATES REPRESENTATIVE DISTRICT 2,2,REP,Mike Simpson,NA
Washington,UNITED STATES REPRESENTATIVE DISTRICT 2,2,REP,Mike Simpson,NA
Ada,UNITED STATES REPRESENTATIVE DISTRICT 2,2,CON,Anthony Tomkins,4786
Adams,UNITED STATES REPRESENTATIVE DISTRICT 2,2,CON,Anthony Tomkins,NA
Bannock,UNITED STATES REPRESENTATIVE DISTRICT 2,2,CON,Anthony Tomkins,2463
Bear Lake,UNITED STATES REPRESENTATIVE DISTRICT 2,2,CON,Anthony Tomkins,218
Benewah,UNITED STATES REPRESENTATIVE DISTRICT 2,2,CON,Anthony Tomkins,NA
Bingham,UNITED STATES REPRESENTATIVE DISTRICT 2,2,CON,Anthony Tomkins,1783
Blaine,UNITED STATES REPRESENTATIVE DISTRICT 2,2,CON,Anthony Tomkins,241
Boise,UNITED STATES REPRESENTATIVE DISTRICT 2,2,CON,Anthony Tomkins,NA
Bonner,UNITED STATES REPRESENTATIVE DISTRICT 2,2,CON,Anthony Tomkins,NA
Bonneville,UNITED STATES REPRESENTATIVE DISTRICT 2,2,CON,Anthony Tomkins,3746
Boundary,UNITED STATES REPRESENTATIVE DISTRICT 2,2,CON,Anthony Tomkins,NA
Butte,UNITED STATES REPRESENTATIVE DISTRICT 2,2,CON,Anthony Tomkins,113
Camas,UNITED STATES REPRESENTATIVE DISTRICT 2,2,CON,Anthony Tomkins,40
Canyon,UNITED STATES REPRESENTATIVE DISTRICT 2,2,CON,Anthony Tomkins,NA
Caribou,UNITED STATES REPRESENTATIVE DISTRICT 2,2,CON,Anthony Tomkins,248
Cassia,UNITED STATES REPRESENTATIVE DISTRICT 2,2,CON,Anthony Tomkins,870
Clark,UNITED STATES REPRESENTATIVE DISTRICT 2,2,CON,Anthony Tomkins,27
Clearwater,UNITED STATES REPRESENTATIVE DISTRICT 2,2,CON,Anthony Tomkins,NA
Custer,UNITED STATES REPRESENTATIVE DISTRICT 2,2,CON,Anthony Tomkins,297
Elmore,UNITED STATES REPRESENTATIVE DISTRICT 2,2,CON,Anthony Tomkins,615
Franklin,UNITED STATES REPRESENTATIVE DISTRICT 2,2,CON,Anthony Tomkins,371
Fremont,UNITED STATES REPRESENTATIVE DISTRICT 2,2,CON,Anthony Tomkins,593
Gem,UNITED STATES REPRESENTATIVE DISTRICT 2,2,CON,Anthony Tomkins,NA
Gooding,UNITED STATES REPRESENTATIVE DISTRICT 2,2,CON,Anthony Tomkins,490
Idaho,UNITED STATES REPRESENTATIVE DISTRICT 2,2,CON,Anthony Tomkins,NA
Jefferson,UNITED STATES REPRESENTATIVE DISTRICT 2,2,CON,Anthony Tomkins,1276
Jerome,UNITED STATES REPRESENTATIVE DISTRICT 2,2,CON,Anthony Tomkins,663
Kootenai,UNITED STATES REPRESENTATIVE DISTRICT 2,2,CON,Anthony Tomkins,NA
Latah,UNITED STATES REPRESENTATIVE DISTRICT 2,2,CON,Anthony Tomkins,NA
Lemhi,UNITED STATES REPRESENTATIVE DISTRICT 2,2,CON,Anthony Tomkins,356
Lewis,UNITED STATES REPRESENTATIVE DISTRICT 2,2,CON,Anthony Tomkins,NA
Lincoln,UNITED STATES REPRESENTATIVE DISTRICT 2,2,CON,Anthony Tomkins,137
Madison,UNITED STATES REPRESENTATIVE DISTRICT 2,2,CON,Anthony Tomkins,1295
Minidoka,UNITED STATES REPRESENTATIVE DISTRICT 2,2,CON,Anthony Tomkins,713
Nez Perce,UNITED STATES REPRESENTATIVE DISTRICT 2,2,CON,Anthony Tomkins,NA
Oneida,UNITED STATES REPRESENTATIVE DISTRICT 2,2,CON,Anthony Tomkins,165
Owyhee,UNITED STATES REPRESENTATIVE DISTRICT 2,2,CON,Anthony Tomkins,NA
Payette,UNITED STATES REPRESENTATIVE DISTRICT 2,2,CON,Anthony Tomkins,NA
Power,UNITED STATES REPRESENTATIVE DISTRICT 2,2,CON,Anthony Tomkins,198
Shoshone,UNITED STATES REPRESENTATIVE DISTRICT 2,2,CON,Anthony Tomkins,NA
Teton,UNITED STATES REPRESENTATIVE DISTRICT 2,2,CON,Anthony Tomkins,184
Twin Falls,UNITED STATES REPRESENTATIVE DISTRICT 2,2,CON,Anthony Tomkins,3117
Valley,UNITED STATES REPRESENTATIVE DISTRICT 2,2,CON,Anthony Tomkins,NA
Washington,UNITED STATES REPRESENTATIVE DISTRICT 2,2,CON,Anthony Tomkins,NA
