county,office,district,candidate,party,early_voting,mail,election_day,votes
ADA,President,,Don Blankenship,CON,4,3,35,42
ADA,President,,Daniel Clyde Cummings,CON,3,0,15,18
ADA,President,,Don J. Grundmann,CON,1,0,22,23
ADA,President,,Charles Kraut,CON,0,0,21,21
ADA,President,,J.R. Myers,CON,1,2,19,22
ADA,President,,"Sheila ""Samm"" Tittle",CON,2,2,49,53
ADA,President,,Michael Bennet,DEM,4,1,27,32
ADA,President,,Joseph R. Biden,DEM,2521,958,19225,22704
ADA,President,,Michael R. Bloomberg,DEM,424,225,145,794
ADA,President,,Cory Booker,DEM,3,0,5,8
ADA,President,,Steve Burke,DEM,0,0,2,2
ADA,President,,Pete Buttigieg,DEM,295,172,105,572
ADA,President,,Julian Castro,DEM,1,1,3,5
ADA,President,,Roque De La Fuente,DEM,0,0,3,3
ADA,President,,John K. Delaney,DEM,0,0,5,5
ADA,President,,Tulsi Gabbard,DEM,16,12,283,311
ADA,President,,Amy Klobuchar,DEM,114,88,62,264
ADA,President,,Deval Patrick,DEM,1,1,0,2
ADA,President,,Bernie Sanders,DEM,2243,465,18653,21361
ADA,President,,Tom Steyer,DEM,8,6,11,25
ADA,President,,Elizabeth Warren,DEM,608,226,455,1289
ADA,President,,Marianne Williamson,DEM,2,0,12,14
ADA,President,,Andrew Yang,DEM,22,14,92,128
ADA,President,,"Roque ""Rocky"" De La Fuente",REP,11,6,78,95
ADA,President,,Bob Ely,REP,13,5,47,65
ADA,President,,Matthew John Matern,REP,14,8,73,95
ADA,President,,Donald J Trump,REP,2490,1404,15957,19851
ADA,President,,Joe Walsh,REP,59,33,346,438
ADA,President,,Bill Weld,REP,79,69,607,755
ADAMS,President,,Don Blankenship,,0,0,1,1
ADAMS,President,,Daniel Clyde Cummings,,0,0,1,1
ADAMS,President,,Don J. Grundmann,,0,0,0,0
ADAMS,President,,Charles Kraut,,0,0,1,1
ADAMS,President,,J.R. Myers,,0,0,2,2
ADAMS,President,,"Sheila ""Samm"" Tittle",,0,0,3,3
ADAMS,President,,Michael Bennet,,0,0,0,0
ADAMS,President,,Joseph R. Biden,,0,0,133,133
ADAMS,President,,Michael R. Bloomberg,,0,0,2,2
ADAMS,President,,Cory Booker,,0,0,0,0
ADAMS,President,,Steve Burke,,0,0,0,0
ADAMS,President,,Pete Buttigieg,,0,0,3,3
ADAMS,President,,Julian Castro,,0,0,0,0
ADAMS,President,,Roque De La Fuente,,0,0,0,0
ADAMS,President,,John K. Delaney,,0,0,1,1
ADAMS,President,,Tulsi Gabbard,,0,0,3,3
ADAMS,President,,Amy Klobuchar,,0,0,7,7
ADAMS,President,,Deval Patrick,,0,0,0,0
ADAMS,President,,Bernie Sanders,,0,0,77,77
ADAMS,President,,Tom Steyer,,0,0,0,0
ADAMS,President,,Elizabeth Warren,,0,0,8,8
ADAMS,President,,Marianne Williamson,,0,0,0,0
ADAMS,President,,Andrew Yang,,0,0,0,0
ADAMS,President,,"Roque ""Rocky"" De La Fuente",,0,0,2,2
ADAMS,President,,Bob Ely,,0,0,3,3
ADAMS,President,,Matthew John Matern,,0,0,3,3
ADAMS,President,,Donald J Trump,,0,0,656,656
ADAMS,President,,Joe Walsh,,0,0,19,19
ADAMS,President,,Bill Weld,,0,0,8,8
BANNOCK,President,,"Roque ""Rocky"" De La Fuente",REP,0,0,28,28
BANNOCK,President,,Bob Ely,REP,0,0,24,24
BANNOCK,President,,Matthew John Matern,REP,0,0,35,35
BANNOCK,President,,Donald J Trump,REP,0,0,4597,4597
BANNOCK,President,,Joe Walsh,REP,0,0,140,140
BANNOCK,President,,Bill Weld,REP,0,0,82,82
BANNOCK,President,,Michael Bennet,DEM,0,0,3,3
BANNOCK,President,,Joseph R. Biden,DEM,0,0,2874,2874
BANNOCK,President,,Michael R. Bloomberg,DEM,0,0,209,209
BANNOCK,President,,Cory Booker,DEM,0,0,5,5
BANNOCK,President,,Steve Burke,DEM,0,0,6,6
BANNOCK,President,,Pete Buttigieg,DEM,0,0,108,108
BANNOCK,President,,Julian Castro,DEM,0,0,4,4
BANNOCK,President,,Roque De La Fuente,DEM,0,0,2,2
BANNOCK,President,,John K. Delaney,DEM,0,0,5,5
BANNOCK,President,,Tulsi Gabbard,DEM,0,0,62,62
BANNOCK,President,,Amy Klobuchar,DEM,0,0,46,46
BANNOCK,President,,Deval Patrick,DEM,0,0,1,1
BANNOCK,President,,Bernie Sanders,DEM,0,0,2821,2821
BANNOCK,President,,Tom Steyer,DEM,0,0,10,10
BANNOCK,President,,Elizabeth Warren,DEM,0,0,159,159
BANNOCK,President,,Marianne Williamson,DEM,0,0,2,2
BANNOCK,President,,Andrew Yang,DEM,0,0,12,12
BANNOCK,President,,Don Blankenship,CON,0,0,6,6
BANNOCK,President,,Daniel Clyde Cummings,CON,0,0,5,5
BANNOCK,President,,Don J. Grundmann,CON,0,0,0,0
BANNOCK,President,,Charles Kraut,CON,0,0,0,0
BANNOCK,President,,J.R. Myers,CON,0,0,8,8
BANNOCK,President,,"Sheila ""Samm"" Tittle",CON,0,0,5,5
BEAR LAKE,President,,"Roque ""Rocky"" De La Fuente",,0,0,6,6
BEAR LAKE,President,,Bob Ely,,0,0,3,3
BEAR LAKE,President,,Matthew John Matern,,0,0,10,10
BEAR LAKE,President,,Donald J Trump,,0,0,940,940
BEAR LAKE,President,,Joe Walsh,,0,0,29,29
BEAR LAKE,President,,Bill Weld,,0,0,12,12
BEAR LAKE,President,,Michael Bennet,,0,0,0,0
BEAR LAKE,President,,Joseph R. Biden,,0,0,87,87
BEAR LAKE,President,,Michael R. Bloomberg,,0,0,5,5
BEAR LAKE,President,,Cory Booker,,0,0,0,0
BEAR LAKE,President,,Steve Burke,,0,0,1,1
BEAR LAKE,President,,Pete Buttigieg,,0,0,3,3
BEAR LAKE,President,,Julian Castro,,0,0,0,0
BEAR LAKE,President,,Roque De La Fuente,,0,0,0,0
BEAR LAKE,President,,John K. Delaney,,0,0,0,0
BEAR LAKE,President,,Tulsi Gabbard,,0,0,1,1
BEAR LAKE,President,,Amy Klobuchar,,0,0,8,8
BEAR LAKE,President,,Deval Patrick,,0,0,0,0
BEAR LAKE,President,,Bernie Sanders,,0,0,27,27
BEAR LAKE,President,,Tom Steyer,,0,0,2,2
BEAR LAKE,President,,Elizabeth Warren,,0,0,3,3
BEAR LAKE,President,,Marianne Williamson,,0,0,0,0
BEAR LAKE,President,,Andrew Yang,,0,0,0,0
BEAR LAKE,President,,Don Blankenship,,0,0,2,2
BEAR LAKE,President,,Daniel Clyde Cummings,,0,0,1,1
BEAR LAKE,President,,Don J. Grundmann,,0,0,0,0
BEAR LAKE,President,,Charles Kraut,,0,0,3,3
BEAR LAKE,President,,J.R. Myers,,0,0,0,0
BEAR LAKE,President,,"Sheila ""Samm"" Tittle",,0,0,1,1
BENEWAH,President,,Michael Bennet,,0,0,0,0
BENEWAH,President,,Joseph R. Biden,,0,0,235,235
BENEWAH,President,,Michael R. Bloomberg,,0,0,8,8
BENEWAH,President,,Cory Booker,,0,0,1,1
BENEWAH,President,,Steve Burke,,0,0,0,0
BENEWAH,President,,Pete Buttigieg,,0,0,3,3
BENEWAH,President,,Julian Castro,,0,0,0,0
BENEWAH,President,,Roque De La Fuente,,0,0,0,0
BENEWAH,President,,John K. Delaney,,0,0,0,0
BENEWAH,President,,Tulsi Gabbard,,0,0,8,8
BENEWAH,President,,Amy Klobuchar,,0,0,2,2
BENEWAH,President,,Deval Patrick,,0,0,0,0
BENEWAH,President,,Bernie Sanders,,0,0,154,154
BENEWAH,President,,Tom Steyer,,0,0,1,1
BENEWAH,President,,Elizabeth Warren,,0,0,14,14
BENEWAH,President,,Marianne Williamson,,0,0,0,0
BENEWAH,President,,Andrew Yang,,0,0,1,1
BENEWAH,President,,Don Blankenship,,0,0,3,3
BENEWAH,President,,Daniel Clyde Cummings,,0,0,2,2
BENEWAH,President,,Don J. Grundmann,,0,0,0,0
BENEWAH,President,,Charles Kraut,,0,0,0,0
BENEWAH,President,,J.R. Myers,,0,0,1,1
BENEWAH,President,,"Sheila ""Samm"" Tittle",,0,0,1,1
BENEWAH,President,,"Roque ""Rocky"" De La Fuente",,0,0,2,2
BENEWAH,President,,Bob Ely,,0,0,5,5
BENEWAH,President,,Matthew John Matern,,0,0,1,1
BENEWAH,President,,Donald J Trump,,0,0,935,935
BENEWAH,President,,Joe Walsh,,0,0,6,6
BENEWAH,President,,Bill Weld,,0,0,4,4
BINGHAM,President,,"Roque ""Rocky"" De La Fuente",REP,1,3,12,16
BINGHAM,President,,Bob Ely,REP,0,1,11,12
BINGHAM,President,,Matthew John Matern,REP,0,4,22,26
BINGHAM,President,,Donald J Trump,REP,145,596,2455,3196
BINGHAM,President,,Joe Walsh,REP,5,13,61,79
BINGHAM,President,,Bill Weld,REP,0,11,29,40
BINGHAM,President,,Michael Bennet,DEM,0,0,2,2
BINGHAM,President,,Joseph R. Biden,DEM,51,63,423,537
BINGHAM,President,,Michael R. Bloomberg,DEM,4,52,25,81
BINGHAM,President,,Cory Booker,DEM,0,0,1,1
BINGHAM,President,,Steve Burke,DEM,0,0,2,2
BINGHAM,President,,Pete Buttigieg,DEM,1,19,1,21
BINGHAM,President,,Julian Castro,DEM,0,0,1,1
BINGHAM,President,,Roque De La Fuente,DEM,0,0,2,2
BINGHAM,President,,John K. Delaney,DEM,0,0,1,1
BINGHAM,President,,Tulsi Gabbard,DEM,1,2,15,18
BINGHAM,President,,Amy Klobuchar,DEM,1,10,3,14
BINGHAM,President,,Deval Patrick,DEM,0,0,0,0
BINGHAM,President,,Bernie Sanders,DEM,36,31,400,467
BINGHAM,President,,Tom Steyer,DEM,0,4,2,6
BINGHAM,President,,Elizabeth Warren,DEM,3,8,15,26
BINGHAM,President,,Marianne Williamson,DEM,0,1,1,2
BINGHAM,President,,Andrew Yang,DEM,0,1,3,4
BINGHAM,President,,Don Blankenship,CON,0,1,2,3
BINGHAM,President,,Daniel Clyde Cummings,CON,2,4,4,10
BINGHAM,President,,Don J. Grundmann,CON,0,0,1,1
BINGHAM,President,,Charles Kraut,CON,0,3,2,5
BINGHAM,President,,J.R. Myers,CON,1,0,3,4
BINGHAM,President,,"Sheila ""Samm"" Tittle",CON,0,1,2,3
BLAINE,President,,"Roque ""Rocky"" De La Fuente",REP,0,0,3,3
BLAINE,President,,Bob Ely,REP,0,0,2,2
BLAINE,President,,Matthew John Matern,REP,0,0,1,1
BLAINE,President,,Donald J Trump,REP,89,37,479,605
BLAINE,President,,Joe Walsh,REP,2,2,18,22
BLAINE,President,,Bill Weld,REP,7,0,20,27
BLAINE,President,,Michael Bennet,DEM,0,0,2,2
BLAINE,President,,Joseph R. Biden,DEM,361,44,1910,2315
BLAINE,President,,Michael R. Bloomberg,DEM,85,25,17,127
BLAINE,President,,Cory Booker,DEM,0,1,0,1
BLAINE,President,,Steve Burke,DEM,0,0,0,0
BLAINE,President,,Pete Buttigieg,DEM,36,8,11,55
BLAINE,President,,Julian Castro,DEM,0,0,0,0
BLAINE,President,,Roque De La Fuente,DEM,0,0,0,0
BLAINE,President,,John K. Delaney,DEM,0,0,1,1
BLAINE,President,,Tulsi Gabbard,DEM,2,1,19,22
BLAINE,President,,Amy Klobuchar,DEM,22,4,2,28
BLAINE,President,,Deval Patrick,DEM,0,0,1,1
BLAINE,President,,Bernie Sanders,DEM,156,29,1028,1213
BLAINE,President,,Tom Steyer,DEM,1,0,2,3
BLAINE,President,,Elizabeth Warren,DEM,49,18,24,91
BLAINE,President,,Marianne Williamson,DEM,0,0,2,2
BLAINE,President,,Andrew Yang,DEM,2,0,2,4
BLAINE,President,,Don Blankenship,CON,0,0,4,4
BLAINE,President,,Daniel Clyde Cummings,CON,1,0,1,2
BLAINE,President,,Don J. Grundmann,CON,0,0,1,1
BLAINE,President,,Charles Kraut,CON,0,0,1,1
BLAINE,President,,J.R. Myers,CON,1,0,1,2
BLAINE,President,,"Sheila ""Samm"" Tittle",CON,1,0,6,7
BOISE,President,,Don Blankenship,,0,0,7,7
BOISE,President,,Daniel Clyde Cummings,,0,0,3,3
BOISE,President,,Don J. Grundmann,,0,0,0,0
BOISE,President,,Charles Kraut,,0,0,1,1
BOISE,President,,J.R. Myers,,0,0,1,1
BOISE,President,,"Sheila ""Samm"" Tittle",,0,0,3,3
BOISE,President,,"Roque ""Rocky"" De La Fuente",,0,0,7,7
BOISE,President,,Bob Ely,,0,0,1,1
BOISE,President,,Matthew John Matern,,0,0,1,1
BOISE,President,,Donald J Trump,,0,0,1030,1030
BOISE,President,,Joe Walsh,,0,0,41,41
BOISE,President,,Bill Weld,,0,0,38,38
BOISE,President,,Michael Bennet,,0,0,1,1
BOISE,President,,Joseph R. Biden,,0,0,273,273
BOISE,President,,Michael R. Bloomberg,,0,0,6,6
BOISE,President,,Cory Booker,,0,0,0,0
BOISE,President,,Steve Burke,,0,0,0,0
BOISE,President,,Pete Buttigieg,,0,0,12,12
BOISE,President,,Julian Castro,,0,0,0,0
BOISE,President,,Roque De La Fuente,,0,0,1,1
BOISE,President,,John K. Delaney,,0,0,1,1
BOISE,President,,Tulsi Gabbard,,0,0,6,6
BOISE,President,,Amy Klobuchar,,0,0,5,5
BOISE,President,,Deval Patrick,,0,0,0,0
BOISE,President,,Bernie Sanders,,0,0,145,145
BOISE,President,,Tom Steyer,,0,0,2,2
BOISE,President,,Elizabeth Warren,,0,0,13,13
BOISE,President,,Marianne Williamson,,0,0,0,0
BOISE,President,,Andrew Yang,,0,0,0,0
BONNER,President,,Don Blankenship,CON,0,1,9,10
BONNER,President,,Daniel Clyde Cummings,CON,0,1,6,7
BONNER,President,,Don J. Grundmann,CON,0,1,4,5
BONNER,President,,Charles Kraut,CON,0,0,3,3
BONNER,President,,J.R. Myers,CON,0,0,2,2
BONNER,President,,"Sheila ""Samm"" Tittle",CON,0,0,2,2
BONNER,President,,Michael Bennet,DEM,0,1,2,3
BONNER,President,,Joseph R. Biden,DEM,0,251,1439,1690
BONNER,President,,Michael R. Bloomberg,DEM,0,73,15,88
BONNER,President,,Cory Booker,DEM,0,0,1,1
BONNER,President,,Steve Burke,DEM,0,0,1,1
BONNER,President,,Pete Buttigieg,DEM,0,30,11,41
BONNER,President,,Julian Castro,DEM,0,0,0,0
BONNER,President,,Roque De La Fuente,DEM,0,0,0,0
BONNER,President,,John K. Delaney,DEM,0,0,2,2
BONNER,President,,Tulsi Gabbard,DEM,0,0,16,16
BONNER,President,,Amy Klobuchar,DEM,0,31,7,38
BONNER,President,,Deval Patrick,DEM,0,1,1,2
BONNER,President,,Bernie Sanders,DEM,0,161,1230,1391
BONNER,President,,Tom Steyer,DEM,0,4,0,4
BONNER,President,,Elizabeth Warren,DEM,0,65,37,102
BONNER,President,,Marianne Williamson,DEM,0,0,0,0
BONNER,President,,Andrew Yang,DEM,0,0,9,9
BONNER,President,,"Roque ""Rocky"" De La Fuente",REP,0,4,15,19
BONNER,President,,Bob Ely,REP,0,1,10,11
BONNER,President,,Matthew John Matern,REP,0,4,13,17
BONNER,President,,Donald J Trump,REP,0,667,3536,4203
BONNER,President,,Joe Walsh,REP,0,19,64,83
BONNER,President,,Bill Weld,REP,0,33,79,112
BONNEVILLE,President,,"Roque ""Rocky"" De La Fuente",REP,2,1,51,54
BONNEVILLE,President,,Bob Ely,REP,5,0,22,27
BONNEVILLE,President,,Matthew John Matern,REP,1,2,43,46
BONNEVILLE,President,,Donald J Trump,REP,412,355,4494,5261
BONNEVILLE,President,,Joe Walsh,REP,14,12,129,155
BONNEVILLE,President,,Bill Weld,REP,15,19,120,154
BONNEVILLE,President,,Michael Bennet,DEM,1,0,1,2
BONNEVILLE,President,,Joseph R. Biden,DEM,275,65,1742,2082
BONNEVILLE,President,,Michael R. Bloomberg,DEM,54,25,33,112
BONNEVILLE,President,,Cory Booker,DEM,0,0,3,3
BONNEVILLE,President,,Steve Burke,DEM,0,0,3,3
BONNEVILLE,President,,Pete Buttigieg,DEM,17,12,14,43
BONNEVILLE,President,,Julian Castro,DEM,0,0,1,1
BONNEVILLE,President,,Roque De La Fuente,DEM,0,0,1,1
BONNEVILLE,President,,John K. Delaney,DEM,0,0,3,3
BONNEVILLE,President,,Tulsi Gabbard,DEM,0,2,38,40
BONNEVILLE,President,,Amy Klobuchar,DEM,14,7,14,35
BONNEVILLE,President,,Deval Patrick,DEM,0,0,1,1
BONNEVILLE,President,,Bernie Sanders,DEM,112,34,1689,1835
BONNEVILLE,President,,Tom Steyer,DEM,0,1,2,3
BONNEVILLE,President,,Elizabeth Warren,DEM,34,18,50,102
BONNEVILLE,President,,Marianne Williamson,DEM,1,0,0,1
BONNEVILLE,President,,Andrew Yang,DEM,0,0,11,11
BONNEVILLE,President,,Don Blankenship,CON,0,1,11,12
BONNEVILLE,President,,Daniel Clyde Cummings,CON,0,1,6,7
BONNEVILLE,President,,Don J. Grundmann,CON,0,0,4,4
BONNEVILLE,President,,Charles Kraut,CON,2,0,9,11
BONNEVILLE,President,,J.R. Myers,CON,3,0,4,7
BONNEVILLE,President,,"Sheila ""Samm"" Tittle",CON,1,0,11,12
BOUNDARY,President,,Don Blankenship,,0,0,6,6
BOUNDARY,President,,Daniel Clyde Cummings,,0,0,1,1
BOUNDARY,President,,Don J. Grundmann,,0,0,0,0
BOUNDARY,President,,Charles Kraut,,0,0,2,2
BOUNDARY,President,,"Sheila ""Samm"" Tittle",,0,0,1,1
BOUNDARY,President,,J.R. Myers,,0,0,1,1
BOUNDARY,President,,Pete Buttigieg,,0,0,6,6
BOUNDARY,President,,Julian Castro,,0,0,0,0
BOUNDARY,President,,Roque De La Fuente,,0,0,0,0
BOUNDARY,President,,John K. Delaney,,0,0,0,0
BOUNDARY,President,,Tulsi Gabbard,,0,0,6,6
BOUNDARY,President,,Amy Klobuchar,,0,0,5,5
BOUNDARY,President,,Deval Patrick,,0,0,0,0
BOUNDARY,President,,Bernie Sanders,,0,0,200,200
BOUNDARY,President,,Tom Steyer,,0,0,0,0
BOUNDARY,President,,Elizabeth Warren,,0,0,13,13
BOUNDARY,President,,Marianne Williamson,,0,0,1,1
BOUNDARY,President,,Andrew Yang,,0,0,2,2
BOUNDARY,President,,Michael Bennet,,0,0,1,1
BOUNDARY,President,,Joseph R. Biden,,0,0,196,196
BOUNDARY,President,,Cory Booker,,0,0,0,0
BOUNDARY,President,,Michael R. Bloomberg,,0,0,12,12
BOUNDARY,President,,Steve Burke,,0,0,0,0
BOUNDARY,President,,Bob Ely,,0,0,6,6
BOUNDARY,President,,"Roque ""Rocky"" De La Fuente",,0,0,6,6
BOUNDARY,President,,Matthew John Matern,,0,0,2,2
BOUNDARY,President,,Donald J Trump,,0,0,1168,1168
BOUNDARY,President,,Joe Walsh,,0,0,17,17
BOUNDARY,President,,Bill Weld,,0,0,19,19
BUTTE,President,,Joseph R. Biden,,0,0,46,46
BUTTE,President,,Michael R. Bloomberg,,0,0,1,1
BUTTE,President,,Cory Booker,,0,0,0,0
BUTTE,President,,Steve Burke,,0,0,0,0
BUTTE,President,,Pete Buttigieg,,0,0,0,0
BUTTE,President,,Julian Castro,,0,0,0,0
BUTTE,President,,Roque De La Fuente,,0,0,1,1
BUTTE,President,,John K. Delaney,,0,0,0,0
BUTTE,President,,Tulsi Gabbard,,0,0,1,1
BUTTE,President,,Amy Klobuchar,,0,0,0,0
BUTTE,President,,Deval Patrick,,0,0,0,0
BUTTE,President,,Bernie Sanders,,0,0,23,23
BUTTE,President,,Tom Steyer,,0,0,0,0
BUTTE,President,,Elizabeth Warren,,0,0,0,0
BUTTE,President,,Marianne Williamson,,0,0,0,0
BUTTE,President,,Andrew Yang,,0,0,0,0
BUTTE,President,,Michael Bennet,,0,0,0,0
BUTTE,President,,"Roque ""Rocky"" De La Fuente",,0,0,2,2
BUTTE,President,,Bob Ely,,0,0,3,3
BUTTE,President,,Matthew John Matern,,0,0,1,1
BUTTE,President,,Donald J Trump,,0,0,252,252
BUTTE,President,,Joe Walsh,,0,0,5,5
BUTTE,President,,Bill Weld,,0,0,2,2
BUTTE,President,,Don Blankenship,,0,0,0,0
BUTTE,President,,Daniel Clyde Cummings,,0,0,1,1
BUTTE,President,,Don J. Grundmann,,0,0,0,0
BUTTE,President,,Charles Kraut,,0,0,0,0
BUTTE,President,,J.R. Myers,,0,0,0,0
BUTTE,President,,"Sheila ""Samm"" Tittle",,0,0,0,0
CAMAS,President,,Bob Ely,,0,0,1,1
CAMAS,President,,Matthew John Matern,,0,0,0,0
CAMAS,President,,Donald J Trump,,0,0,146,146
CAMAS,President,,Joe Walsh,,0,0,1,1
CAMAS,President,,Bill Weld,,0,0,7,7
CAMAS,President,,"Roque ""Rocky"" De La Fuente",,0,0,0,0
CAMAS,President,,Andrew Yang,,0,0,0,0
CAMAS,President,,Michael Bennet,,0,0,0,0
CAMAS,President,,Joseph R. Biden,,0,0,21,21
CAMAS,President,,Michael R. Bloomberg,,0,0,2,2
CAMAS,President,,Cory Booker,,0,0,0,0
CAMAS,President,,Steve Burke,,0,0,0,0
CAMAS,President,,Pete Buttigieg,,0,0,0,0
CAMAS,President,,Julian Castro,,0,0,0,0
CAMAS,President,,Roque De La Fuente,,0,0,0,0
CAMAS,President,,John K. Delaney,,0,0,0,0
CAMAS,President,,Tulsi Gabbard,,0,0,2,2
CAMAS,President,,Amy Klobuchar,,0,0,0,0
CAMAS,President,,Deval Patrick,,0,0,0,0
CAMAS,President,,Bernie Sanders,,0,0,22,22
CAMAS,President,,Tom Steyer,,0,0,0,0
CAMAS,President,,Elizabeth Warren,,0,0,1,1
CAMAS,President,,Marianne Williamson,,0,0,1,1
CAMAS,President,,J.R. Myers,,0,0,0,0
CAMAS,President,,"Sheila ""Samm"" Tittle",,0,0,0,0
CAMAS,President,,Don Blankenship,,0,0,2,2
CAMAS,President,,Daniel Clyde Cummings,,0,0,0,0
CAMAS,President,,Don J. Grundmann,,0,0,0,0
CAMAS,President,,Charles Kraut,,0,0,0,0
CANYON,President,,"Roque ""Rocky"" De La Fuente",REP,8,3,57,68
CANYON,President,,Matthew John Matern,REP,6,10,61,77
CANYON,President,,Bob Ely,REP,8,4,59,71
CANYON,President,,Donald J Trump,REP,1332,924,13022,15278
CANYON,President,,Joe Walsh,REP,25,20,225,270
CANYON,President,,Bill Weld,REP,15,25,270,310
CANYON,President,,Michael Bennet,DEM,1,2,7,10
CANYON,President,,Joseph R. Biden,DEM,381,165,3259,3805
CANYON,President,,Michael R. Bloomberg,DEM,84,46,76,206
CANYON,President,,Cory Booker,DEM,1,1,12,14
CANYON,President,,Steve Burke,DEM,0,0,6,6
CANYON,President,,Pete Buttigieg,DEM,45,27,18,90
CANYON,President,,Julian Castro,DEM,0,0,11,11
CANYON,President,,Roque De La Fuente,DEM,1,1,3,5
CANYON,President,,John K. Delaney,DEM,3,0,11,14
CANYON,President,,Tulsi Gabbard,DEM,6,2,64,72
CANYON,President,,Amy Klobuchar,DEM,13,15,24,52
CANYON,President,,Deval Patrick,DEM,0,0,0,0
CANYON,President,,Bernie Sanders,DEM,278,91,3517,3886
CANYON,President,,Tom Steyer,DEM,3,2,5,10
CANYON,President,,Elizabeth Warren,DEM,61,43,118,222
CANYON,President,,Marianne Williamson,DEM,0,0,9,9
CANYON,President,,Andrew Yang,DEM,2,2,30,34
CANYON,President,,Don Blankenship,CON,0,1,20,21
CANYON,President,,Daniel Clyde Cummings,CON,0,0,17,17
CANYON,President,,Don J. Grundmann,CON,1,1,5,7
CANYON,President,,Charles Kraut,CON,0,0,13,13
CANYON,President,,J.R. Myers,CON,0,0,13,13
CANYON,President,,"Sheila ""Samm"" Tittle",CON,0,1,12,13
CARIBOU,President,,"Roque ""Rocky"" De La Fuente",,0,0,3,3
CARIBOU,President,,Matthew John Matern,,0,0,6,6
CARIBOU,President,,Bob Ely,,0,0,7,7
CARIBOU,President,,Donald J Trump,,0,0,907,907
CARIBOU,President,,Joe Walsh,,0,0,19,19
CARIBOU,President,,Bill Weld,,0,0,16,16
CARIBOU,President,,Michael Bennet,,0,0,0,0
CARIBOU,President,,Joseph R. Biden,,0,0,65,65
CARIBOU,President,,Michael R. Bloomberg,,0,0,2,2
CARIBOU,President,,Cory Booker,,0,0,0,0
CARIBOU,President,,Steve Burke,,0,0,0,0
CARIBOU,President,,Julian Castro,,0,0,0,0
CARIBOU,President,,John K. Delaney,,0,0,0,0
CARIBOU,President,,Tulsi Gabbard,,0,0,1,1
CARIBOU,President,,Amy Klobuchar,,0,0,0,0
CARIBOU,President,,Deval Patrick,,0,0,0,0
CARIBOU,President,,Bernie Sanders,,0,0,47,47
CARIBOU,President,,Tom Steyer,,0,0,0,0
CARIBOU,President,,Elizabeth Warren,,0,0,2,2
CARIBOU,President,,Marianne Williamson,,0,0,0,0
CARIBOU,President,,Andrew Yang,,0,0,0,0
CARIBOU,President,,Pete Buttigieg,,0,0,1,1
CARIBOU,President,,Roque De La Fuente,,0,0,0,0
CARIBOU,President,,Don Blankenship,,0,0,1,1
CARIBOU,President,,Daniel Clyde Cummings,,0,0,1,1
CARIBOU,President,,Don J. Grundmann,,0,0,3,3
CARIBOU,President,,Charles Kraut,,0,0,0,0
CARIBOU,President,,J.R. Myers,,0,0,0,0
CARIBOU,President,,"Sheila ""Samm"" Tittle",,0,0,2,2
CASSIA,President,,"Roque ""Rocky"" De La Fuente",REP,1,0,17,18
CASSIA,President,,Matthew John Matern,REP,1,5,12,18
CASSIA,President,,Bob Ely,REP,0,0,12,12
CASSIA,President,,Donald J Trump,REP,106,278,1907,2291
CASSIA,President,,Joe Walsh,REP,3,7,48,58
CASSIA,President,,Bill Weld,REP,1,6,29,36
CASSIA,President,,Michael Bennet,DEM,0,1,2,3
CASSIA,President,,Joseph R. Biden,DEM,22,17,202,241
CASSIA,President,,Michael R. Bloomberg,DEM,6,4,3,13
CASSIA,President,,Cory Booker,DEM,0,0,1,1
CASSIA,President,,Steve Burke,DEM,0,0,0,0
CASSIA,President,,Pete Buttigieg,DEM,2,6,0,8
CASSIA,President,,Julian Castro,DEM,0,0,1,1
CASSIA,President,,Roque De La Fuente,DEM,0,0,0,0
CASSIA,President,,John K. Delaney,DEM,0,0,1,1
CASSIA,President,,Tulsi Gabbard,DEM,0,3,1,4
CASSIA,President,,Amy Klobuchar,DEM,0,0,0,0
CASSIA,President,,Deval Patrick,DEM,0,0,2,2
CASSIA,President,,Bernie Sanders,DEM,10,8,160,178
CASSIA,President,,Tom Steyer,DEM,0,1,0,1
CASSIA,President,,Elizabeth Warren,DEM,0,2,6,8
CASSIA,President,,Marianne Williamson,DEM,0,0,0,0
CASSIA,President,,Andrew Yang,DEM,0,0,1,1
CASSIA,President,,Don Blankenship,CON,0,0,1,1
CASSIA,President,,Daniel Clyde Cummings,CON,0,0,2,2
CASSIA,President,,Don J. Grundmann,CON,0,0,2,2
CASSIA,President,,Charles Kraut,CON,0,0,0,0
CASSIA,President,,J.R. Myers,CON,0,1,4,5
CASSIA,President,,"Sheila ""Samm"" Tittle",CON,1,0,3,4
CLARK,President,,Matthew John Matern,,0,0,2,2
CLARK,President,,Bob Ely,,0,0,0,0
CLARK,President,,Donald J Trump,,0,0,108,108
CLARK,President,,Joe Walsh,,0,0,2,2
CLARK,President,,Bill Weld,,0,0,2,2
CLARK,President,,"Roque ""Rocky"" De La Fuente",,0,0,0,0
CLARK,President,,Michael Bennet,,0,0,0,0
CLARK,President,,Joseph R. Biden,,0,0,3,3
CLARK,President,,Michael R. Bloomberg,,0,0,1,1
CLARK,President,,Cory Booker,,0,0,0,0
CLARK,President,,Steve Burke,,0,0,0,0
CLARK,President,,Pete Buttigieg,,0,0,0,0
CLARK,President,,Julian Castro,,0,0,0,0
CLARK,President,,Roque De La Fuente,,0,0,0,0
CLARK,President,,John K. Delaney,,0,0,0,0
CLARK,President,,Tulsi Gabbard,,0,0,0,0
CLARK,President,,Amy Klobuchar,,0,0,1,1
CLARK,President,,Deval Patrick,,0,0,0,0
CLARK,President,,Bernie Sanders,,0,0,3,3
CLARK,President,,Tom Steyer,,0,0,0,0
CLARK,President,,Elizabeth Warren,,0,0,0,0
CLARK,President,,Marianne Williamson,,0,0,0,0
CLARK,President,,Andrew Yang,,0,0,0,0
CLARK,President,,Don Blankenship,,0,0,0,0
CLARK,President,,Daniel Clyde Cummings,,0,0,0,0
CLARK,President,,Don J. Grundmann,,0,0,0,0
CLARK,President,,Charles Kraut,,0,0,0,0
CLARK,President,,J.R. Myers,,0,0,0,0
CLARK,President,,"Sheila ""Samm"" Tittle",,0,0,0,0
CLEARWATER,President,,"Roque ""Rocky"" De La Fuente",REP,0,0,7,7
CLEARWATER,President,,Matthew John Matern,REP,0,0,1,1
CLEARWATER,President,,Bob Ely,REP,0,0,2,2
CLEARWATER,President,,Donald J Trump,REP,0,0,1091,1091
CLEARWATER,President,,Joe Walsh,REP,0,0,14,14
CLEARWATER,President,,Bill Weld,REP,0,0,10,10
CLEARWATER,President,,Michael Bennet,DEM,0,0,3,3
CLEARWATER,President,,Joseph R. Biden,DEM,0,0,216,216
CLEARWATER,President,,Michael R. Bloomberg,DEM,0,0,15,15
CLEARWATER,President,,Cory Booker,DEM,0,0,1,1
CLEARWATER,President,,Steve Burke,DEM,0,0,0,0
CLEARWATER,President,,Pete Buttigieg,DEM,0,0,4,4
CLEARWATER,President,,Julian Castro,DEM,0,0,0,0
CLEARWATER,President,,Roque De La Fuente,DEM,0,0,0,0
CLEARWATER,President,,John K. Delaney,DEM,0,0,1,1
CLEARWATER,President,,Tulsi Gabbard,DEM,0,0,4,4
CLEARWATER,President,,Amy Klobuchar,DEM,0,0,2,2
CLEARWATER,President,,Deval Patrick,DEM,0,0,0,0
CLEARWATER,President,,Bernie Sanders,DEM,0,0,132,132
CLEARWATER,President,,Tom Steyer,DEM,0,0,3,3
CLEARWATER,President,,Elizabeth Warren,DEM,0,0,13,13
CLEARWATER,President,,Marianne Williamson,DEM,0,0,0,0
CLEARWATER,President,,Andrew Yang,DEM,0,0,0,0
CLEARWATER,President,,Don Blankenship,CON,0,0,0,0
CLEARWATER,President,,Daniel Clyde Cummings,CON,0,0,1,1
CLEARWATER,President,,Don J. Grundmann,CON,0,0,0,0
CLEARWATER,President,,Charles Kraut,CON,0,0,0,0
CLEARWATER,President,,J.R. Myers,CON,0,0,0,0
CLEARWATER,President,,"Sheila ""Samm"" Tittle",CON,0,0,2,2
CUSTER,President,,Don Blankenship,,0,0,3,3
CUSTER,President,,Daniel Clyde Cummings,,0,0,0,0
CUSTER,President,,Don J. Grundmann,,0,0,0,0
CUSTER,President,,Charles Kraut,,0,0,0,0
CUSTER,President,,J.R. Myers,,0,0,0,0
CUSTER,President,,"Sheila ""Samm"" Tittle",,0,0,0,0
CUSTER,President,,"Roque ""Rocky"" De La Fuente",,0,0,4,4
CUSTER,President,,Bob Ely,,0,0,5,5
CUSTER,President,,Matthew John Matern,,0,0,6,6
CUSTER,President,,Donald J Trump,,0,0,844,844
CUSTER,President,,Joe Walsh,,0,0,19,19
CUSTER,President,,Bill Weld,,0,0,21,21
CUSTER,President,,Michael Bennet,,0,0,0,0
CUSTER,President,,Joseph R. Biden,,0,0,123,123
CUSTER,President,,Michael R. Bloomberg,,0,0,9,9
CUSTER,President,,Cory Booker,,0,0,1,1
CUSTER,President,,Steve Burke,,0,0,1,1
CUSTER,President,,Pete Buttigieg,,0,0,3,3
CUSTER,President,,Julian Castro,,0,0,0,0
CUSTER,President,,Roque De La Fuente,,0,0,0,0
CUSTER,President,,John K. Delaney,,0,0,1,1
CUSTER,President,,Tulsi Gabbard,,0,0,0,0
CUSTER,President,,Amy Klobuchar,,0,0,2,2
CUSTER,President,,Deval Patrick,,0,0,0,0
CUSTER,President,,Bernie Sanders,,0,0,67,67
CUSTER,President,,Tom Steyer,,0,0,0,0
CUSTER,President,,Elizabeth Warren,,0,0,10,10
CUSTER,President,,Marianne Williamson,,0,0,0,0
CUSTER,President,,Andrew Yang,,0,0,0,0
ELMORE,President,,"Roque ""Rocky"" De La Fuente",,0,0,20,20
ELMORE,President,,Matthew John Matern,,0,0,12,12
ELMORE,President,,Bob Ely,,0,0,6,6
ELMORE,President,,Donald J Trump,,0,0,1732,1732
ELMORE,President,,Joe Walsh,,0,0,49,49
ELMORE,President,,Bill Weld,,0,0,35,35
ELMORE,President,,Michael Bennet,,0,0,1,1
ELMORE,President,,Joseph R. Biden,,0,0,439,439
ELMORE,President,,Michael R. Bloomberg,,0,0,27,27
ELMORE,President,,Cory Booker,,0,0,0,0
ELMORE,President,,Steve Burke,,0,0,1,1
ELMORE,President,,Pete Buttigieg,,0,0,18,18
ELMORE,President,,Julian Castro,,0,0,0,0
ELMORE,President,,Roque De La Fuente,,0,0,0,0
ELMORE,President,,John K. Delaney,,0,0,3,3
ELMORE,President,,Tulsi Gabbard,,0,0,20,20
ELMORE,President,,Amy Klobuchar,,0,0,5,5
ELMORE,President,,Deval Patrick,,0,0,1,1
ELMORE,President,,Bernie Sanders,,0,0,335,335
ELMORE,President,,Tom Steyer,,0,0,1,1
ELMORE,President,,Elizabeth Warren,,0,0,8,8
ELMORE,President,,Marianne Williamson,,0,0,1,1
ELMORE,President,,Andrew Yang,,0,0,4,4
ELMORE,President,,Don Blankenship,,0,0,7,7
ELMORE,President,,Daniel Clyde Cummings,,0,0,2,2
ELMORE,President,,Don J. Grundmann,,0,0,1,1
ELMORE,President,,Charles Kraut,,0,0,3,3
ELMORE,President,,J.R. Myers,,0,0,2,2
ELMORE,President,,"Sheila ""Samm"" Tittle",,0,0,6,6
FRANKLIN,President,,Don Blankenship,,0,0,2,2
FRANKLIN,President,,Daniel Clyde Cummings,,0,0,0,0
FRANKLIN,President,,Don J. Grundmann,,0,0,0,0
FRANKLIN,President,,Charles Kraut,,0,0,1,1
FRANKLIN,President,,J.R. Myers,,0,0,1,1
FRANKLIN,President,,"Sheila ""Samm"" Tittle",,0,0,0,0
FRANKLIN,President,,Michael Bennet,,0,0,0,0
FRANKLIN,President,,Joseph R. Biden,,0,0,110,110
FRANKLIN,President,,Michael R. Bloomberg,,0,0,4,4
FRANKLIN,President,,Cory Booker,,0,0,0,0
FRANKLIN,President,,Steve Burke,,0,0,1,1
FRANKLIN,President,,Pete Buttigieg,,0,0,4,4
FRANKLIN,President,,Julian Castro,,0,0,2,2
FRANKLIN,President,,Roque De La Fuente,,0,0,0,0
FRANKLIN,President,,John K. Delaney,,0,0,0,0
FRANKLIN,President,,Tulsi Gabbard,,0,0,4,4
FRANKLIN,President,,Amy Klobuchar,,0,0,3,3
FRANKLIN,President,,Deval Patrick,,0,0,0,0
FRANKLIN,President,,Bernie Sanders,,0,0,49,49
FRANKLIN,President,,Tom Steyer,,0,0,1,1
FRANKLIN,President,,Elizabeth Warren,,0,0,6,6
FRANKLIN,President,,Marianne Williamson,,0,0,1,1
FRANKLIN,President,,Andrew Yang,,0,0,0,0
FRANKLIN,President,,"Roque ""Rocky"" De La Fuente",,0,0,6,6
FRANKLIN,President,,Matthew John Matern,,0,0,11,11
FRANKLIN,President,,Bob Ely,,0,0,9,9
FRANKLIN,President,,Donald J Trump,,0,0,1308,1308
FRANKLIN,President,,Joe Walsh,,0,0,32,32
FRANKLIN,President,,Bill Weld,,0,0,24,24
FREMONT,President,,"Roque ""Rocky"" De La Fuente",REP,0,0,8,8
FREMONT,President,,Bob Ely,REP,0,0,5,5
FREMONT,President,,Matthew John Matern,REP,0,0,17,17
FREMONT,President,,Donald J Trump,REP,0,0,1308,1308
FREMONT,President,,Joe Walsh,REP,0,0,32,32
FREMONT,President,,Bill Weld,REP,0,0,23,23
FREMONT,President,,Michael Bennet,DEM,0,0,0,0
FREMONT,President,,Joseph R. Biden,DEM,0,0,164,164
FREMONT,President,,Michael R. Bloomberg,DEM,0,0,8,8
FREMONT,President,,Cory Booker,DEM,0,0,1,1
FREMONT,President,,Steve Burke,DEM,0,0,0,0
FREMONT,President,,Pete Buttigieg,DEM,0,0,4,4
FREMONT,President,,Julian Castro,DEM,0,0,0,0
FREMONT,President,,Roque De La Fuente,DEM,0,0,0,0
FREMONT,President,,John K. Delaney,DEM,0,0,0,0
FREMONT,President,,Tulsi Gabbard,DEM,0,0,3,3
FREMONT,President,,Amy Klobuchar,DEM,0,0,2,2
FREMONT,President,,Deval Patrick,DEM,0,0,0,0
FREMONT,President,,Bernie Sanders,DEM,0,0,89,89
FREMONT,President,,Tom Steyer,DEM,0,0,0,0
FREMONT,President,,Elizabeth Warren,DEM,0,0,6,6
FREMONT,President,,Marianne Williamson,DEM,0,0,0,0
FREMONT,President,,Andrew Yang,DEM,0,0,2,2
FREMONT,President,,Don Blankenship,CON,0,0,3,3
FREMONT,President,,Daniel Clyde Cummings,CON,0,0,3,3
FREMONT,President,,Don J. Grundmann,CON,0,0,2,2
FREMONT,President,,Charles Kraut,CON,0,0,0,0
FREMONT,President,,J.R. Myers,CON,0,0,2,2
FREMONT,President,,"Sheila ""Samm"" Tittle",CON,0,0,2,2
GEM,President,,"Roque ""Rocky"" De La Fuente",REP,0,0,6,6
GEM,President,,Bob Ely,REP,0,2,5,7
GEM,President,,Matthew John Matern,REP,0,0,6,6
GEM,President,,Donald J Trump,REP,0,366,1717,2083
GEM,President,,Joe Walsh,REP,0,4,23,27
GEM,President,,Bill Weld,REP,0,9,28,37
GEM,President,,Michael Bennet,DEM,0,1,2,3
GEM,President,,Joseph R. Biden,DEM,0,66,303,369
GEM,President,,Michael R. Bloomberg,DEM,0,11,4,15
GEM,President,,Cory Booker,DEM,0,0,0,0
GEM,President,,Steve Burke,DEM,0,0,1,1
GEM,President,,Pete Buttigieg,DEM,0,6,2,8
GEM,President,,Julian Castro,DEM,0,0,0,0
GEM,President,,Roque De La Fuente,DEM,0,0,0,0
GEM,President,,John K. Delaney,DEM,0,0,1,1
GEM,President,,Tulsi Gabbard,DEM,0,3,5,8
GEM,President,,Amy Klobuchar,DEM,0,8,3,11
GEM,President,,Deval Patrick,DEM,0,0,1,1
GEM,President,,Bernie Sanders,DEM,0,21,167,188
GEM,President,,Tom Steyer,DEM,0,3,0,3
GEM,President,,Elizabeth Warren,DEM,0,4,9,13
GEM,President,,Marianne Williamson,DEM,0,0,0,0
GEM,President,,Andrew Yang,DEM,0,0,0,0
GEM,President,,Don Blankenship,CON,0,0,1,1
GEM,President,,Daniel Clyde Cummings,CON,0,0,1,1
GEM,President,,Don J. Grundmann,CON,0,0,2,2
GEM,President,,Charles Kraut,CON,0,0,1,1
GEM,President,,J.R. Myers,CON,0,0,1,1
GEM,President,,"Sheila ""Samm"" Tittle",CON,0,1,2,3
GOODING,President,,"Roque ""Rocky"" De La Fuente",REP,0,3,3,6
GOODING,President,,Bob Ely,REP,0,7,1,8
GOODING,President,,Matthew John Matern,REP,0,8,0,8
GOODING,President,,Donald J Trump,REP,0,925,123,1048
GOODING,President,,Joe Walsh,REP,0,14,5,19
GOODING,President,,Bill Weld,REP,0,10,4,14
GOODING,President,,Michael Bennet,DEM,0,1,0,1
GOODING,President,,Joseph R. Biden,DEM,0,175,15,190
GOODING,President,,Michael R. Bloomberg,DEM,0,8,12,20
GOODING,President,,Cory Booker,DEM,0,0,0,0
GOODING,President,,Steve Burke,DEM,0,0,0,0
GOODING,President,,Pete Buttigieg,DEM,0,3,2,5
GOODING,President,,Julian Castro,DEM,0,2,0,2
GOODING,President,,Roque De La Fuente,DEM,0,0,0,0
GOODING,President,,John K. Delaney,DEM,0,0,0,0
GOODING,President,,Tulsi Gabbard,DEM,0,8,1,9
GOODING,President,,Amy Klobuchar,DEM,0,1,1,2
GOODING,President,,Deval Patrick,DEM,0,0,0,0
GOODING,President,,Bernie Sanders,DEM,0,113,16,129
GOODING,President,,Tom Steyer,DEM,0,1,0,1
GOODING,President,,Elizabeth Warren,DEM,0,10,4,14
GOODING,President,,Marianne Williamson,DEM,0,0,1,1
GOODING,President,,Andrew Yang,DEM,0,2,0,2
GOODING,President,,Don Blankenship,CON,0,1,0,1
GOODING,President,,Daniel Clyde Cummings,CON,0,1,0,1
GOODING,President,,Don J. Grundmann,CON,0,0,0,0
GOODING,President,,Charles Kraut,CON,0,0,0,0
GOODING,President,,J.R. Myers,CON,0,3,0,3
GOODING,President,,"Sheila ""Samm"" Tittle",CON,0,2,0,2
IDAHO,President,,"Roque ""Rocky"" De La Fuente",,0,0,19,19
IDAHO,President,,Bob Ely,,0,0,10,10
IDAHO,President,,Matthew John Matern,,0,0,8,8
IDAHO,President,,Donald J Trump,,0,0,2822,2822
IDAHO,President,,Joe Walsh,,0,0,47,47
IDAHO,President,,Bill Weld,,0,0,29,29
IDAHO,President,,Michael Bennet,,0,0,2,2
IDAHO,President,,Joseph R. Biden,,0,0,407,407
IDAHO,President,,Michael R. Bloomberg,,0,0,20,20
IDAHO,President,,Cory Booker,,0,0,0,0
IDAHO,President,,Steve Burke,,0,0,1,1
IDAHO,President,,Pete Buttigieg,,0,0,14,14
IDAHO,President,,Julian Castro,,0,0,0,0
IDAHO,President,,Roque De La Fuente,,0,0,2,2
IDAHO,President,,John K. Delaney,,0,0,2,2
IDAHO,President,,Tulsi Gabbard,,0,0,8,8
IDAHO,President,,Amy Klobuchar,,0,0,13,13
IDAHO,President,,Deval Patrick,,0,0,0,0
IDAHO,President,,Bernie Sanders,,0,0,210,210
IDAHO,President,,Tom Steyer,,0,0,2,2
IDAHO,President,,Elizabeth Warren,,0,0,24,24
IDAHO,President,,Marianne Williamson,,0,0,1,1
IDAHO,President,,Andrew Yang,,0,0,4,4
IDAHO,President,,Don Blankenship,,0,0,10,10
IDAHO,President,,Daniel Clyde Cummings,,0,0,3,3
IDAHO,President,,Don J. Grundmann,,0,0,4,4
IDAHO,President,,Charles Kraut,,0,0,1,1
IDAHO,President,,J.R. Myers,,0,0,2,2
IDAHO,President,,"Sheila ""Samm"" Tittle",,0,0,2,2
JEFFERSON,President,,Don J. Grundmann,,0,0,2,2
JEFFERSON,President,,Charles Kraut,,0,0,3,3
JEFFERSON,President,,J.R. Myers,,0,0,1,1
JEFFERSON,President,,"Sheila ""Samm"" Tittle",,0,0,1,1
JEFFERSON,President,,Don Blankenship,,0,0,5,5
JEFFERSON,President,,Daniel Clyde Cummings,,0,0,2,2
JEFFERSON,President,,Andrew Yang,,0,0,2,2
JEFFERSON,President,,Michael Bennet,,0,0,0,0
JEFFERSON,President,,Joseph R. Biden,,0,0,241,241
JEFFERSON,President,,Michael R. Bloomberg,,0,0,14,14
JEFFERSON,President,,Cory Booker,,0,0,0,0
JEFFERSON,President,,Steve Burke,,0,0,0,0
JEFFERSON,President,,Pete Buttigieg,,0,0,3,3
JEFFERSON,President,,Julian Castro,,0,0,0,0
JEFFERSON,President,,Roque De La Fuente,,0,0,0,0
JEFFERSON,President,,John K. Delaney,,0,0,0,0
JEFFERSON,President,,Tulsi Gabbard,,0,0,5,5
JEFFERSON,President,,Amy Klobuchar,,0,0,1,1
JEFFERSON,President,,Deval Patrick,,0,0,1,1
JEFFERSON,President,,Bernie Sanders,,0,0,178,178
JEFFERSON,President,,Tom Steyer,,0,0,1,1
JEFFERSON,President,,Elizabeth Warren,,0,0,6,6
JEFFERSON,President,,Marianne Williamson,,0,0,0,0
JEFFERSON,President,,"Roque ""Rocky"" De La Fuente",,0,0,7,7
JEFFERSON,President,,Bob Ely,,0,0,8,8
JEFFERSON,President,,Matthew John Matern,,0,0,13,13
JEFFERSON,President,,Donald J Trump,,0,0,2171,2171
JEFFERSON,President,,Joe Walsh,,0,0,37,37
JEFFERSON,President,,Bill Weld,,0,0,19,19
JEROME,President,,"Roque ""Rocky"" De La Fuente",REP,0,0,7,7
JEROME,President,,Bob Ely,REP,0,0,2,2
JEROME,President,,Matthew John Matern,REP,0,0,9,9
JEROME,President,,Donald J Trump,REP,0,0,1046,1046
JEROME,President,,Joe Walsh,REP,0,0,33,33
JEROME,President,,Bill Weld,REP,0,0,25,25
JEROME,President,,Michael Bennet,DEM,0,0,2,2
JEROME,President,,Joseph R. Biden,DEM,0,0,239,239
JEROME,President,,Michael R. Bloomberg,DEM,0,0,17,17
JEROME,President,,Cory Booker,DEM,0,0,1,1
JEROME,President,,Steve Burke,DEM,0,0,0,0
JEROME,President,,Pete Buttigieg,DEM,0,0,4,4
JEROME,President,,Julian Castro,DEM,0,0,2,2
JEROME,President,,Roque De La Fuente,DEM,0,0,0,0
JEROME,President,,John K. Delaney,DEM,0,0,2,2
JEROME,President,,Tulsi Gabbard,DEM,0,0,6,6
JEROME,President,,Amy Klobuchar,DEM,0,0,4,4
JEROME,President,,Deval Patrick,DEM,0,0,0,0
JEROME,President,,Bernie Sanders,DEM,0,0,187,187
JEROME,President,,Tom Steyer,DEM,0,0,2,2
JEROME,President,,Elizabeth Warren,DEM,0,0,9,9
JEROME,President,,Marianne Williamson,DEM,0,0,0,0
JEROME,President,,Andrew Yang,DEM,0,0,0,0
JEROME,President,,Don Blankenship,CON,0,0,4,4
JEROME,President,,Daniel Clyde Cummings,CON,0,0,1,1
JEROME,President,,Don J. Grundmann,CON,0,0,2,2
JEROME,President,,Charles Kraut,CON,0,0,1,1
JEROME,President,,J.R. Myers,CON,0,0,0,0
JEROME,President,,"Sheila ""Samm"" Tittle",CON,0,0,3,3
KOOTENAI,President,,"Roque ""Rocky"" De La Fuente",REP,0,47,6,53
KOOTENAI,President,,Bob Ely,REP,0,35,6,41
KOOTENAI,President,,Matthew John Matern,REP,0,32,15,47
KOOTENAI,President,,Donald J Trump,REP,0,9633,2694,12327
KOOTENAI,President,,Joe Walsh,REP,0,122,25,147
KOOTENAI,President,,Bill Weld,REP,0,121,59,180
KOOTENAI,President,,Michael Bennet,DEM,0,2,1,3
KOOTENAI,President,,Joseph R. Biden,DEM,0,3928,929,4857
KOOTENAI,President,,Michael R. Bloomberg,DEM,0,69,250,319
KOOTENAI,President,,Cory Booker,DEM,0,4,0,4
KOOTENAI,President,,Steve Burke,DEM,0,2,2,4
KOOTENAI,President,,Pete Buttigieg,DEM,0,29,133,162
KOOTENAI,President,,Julian Castro,DEM,0,1,2,3
KOOTENAI,President,,Roque De La Fuente,DEM,0,2,0,2
KOOTENAI,President,,John K. Delaney,DEM,0,3,0,3
KOOTENAI,President,,Tulsi Gabbard,DEM,0,55,10,65
KOOTENAI,President,,Amy Klobuchar,DEM,0,11,67,78
KOOTENAI,President,,Deval Patrick,DEM,0,2,0,2
KOOTENAI,President,,Bernie Sanders,DEM,0,2799,421,3220
KOOTENAI,President,,Tom Steyer,DEM,0,2,6,8
KOOTENAI,President,,Elizabeth Warren,DEM,0,62,145,207
KOOTENAI,President,,Marianne Williamson,DEM,0,4,1,5
KOOTENAI,President,,Andrew Yang,DEM,0,24,7,31
KOOTENAI,President,,Don Blankenship,CON,0,29,4,33
KOOTENAI,President,,Daniel Clyde Cummings,CON,0,10,1,11
KOOTENAI,President,,Don J. Grundmann,CON,0,9,1,10
KOOTENAI,President,,Charles Kraut,CON,0,10,7,17
KOOTENAI,President,,J.R. Myers,CON,0,15,1,16
KOOTENAI,President,,"Sheila ""Samm"" Tittle",CON,0,16,4,20
LATAH,President,,"Roque ""Rocky"" De La Fuente",REP,0,0,20,20
LATAH,President,,Bob Ely,REP,0,0,16,16
LATAH,President,,Matthew John Matern,REP,0,0,13,13
LATAH,President,,Donald J Trump,REP,0,0,1869,1869
LATAH,President,,Joe Walsh,REP,0,0,58,58
LATAH,President,,Bill Weld,REP,0,0,71,71
LATAH,President,,Michael Bennet,DEM,0,0,1,1
LATAH,President,,Joseph R. Biden,DEM,0,0,1880,1880
LATAH,President,,Michael R. Bloomberg,DEM,0,0,40,40
LATAH,President,,Cory Booker,DEM,0,0,0,0
LATAH,President,,Steve Burke,DEM,0,0,1,1
LATAH,President,,Pete Buttigieg,DEM,0,0,55,55
LATAH,President,,Julian Castro,DEM,0,0,0,0
LATAH,President,,Roque De La Fuente,DEM,0,0,0,0
LATAH,President,,John K. Delaney,DEM,0,0,2,2
LATAH,President,,Tulsi Gabbard,DEM,0,0,36,36
LATAH,President,,Amy Klobuchar,DEM,0,0,40,40
LATAH,President,,Deval Patrick,DEM,0,0,0,0
LATAH,President,,Bernie Sanders,DEM,0,0,2736,2736
LATAH,President,,Tom Steyer,DEM,0,0,4,4
LATAH,President,,Elizabeth Warren,DEM,0,0,216,216
LATAH,President,,Marianne Williamson,DEM,0,0,2,2
LATAH,President,,Andrew Yang,DEM,0,0,9,9
LATAH,President,,Don Blankenship,CON,0,0,1,1
LATAH,President,,Daniel Clyde Cummings,CON,0,0,3,3
LATAH,President,,Don J. Grundmann,CON,0,0,1,1
LATAH,President,,Charles Kraut,CON,0,0,0,0
LATAH,President,,J.R. Myers,CON,0,0,2,2
LATAH,President,,"Sheila ""Samm"" Tittle",CON,0,0,4,4
LEMHI,President,,"Roque ""Rocky"" De La Fuente",,0,0,7,7
LEMHI,President,,Matthew John Matern,,0,0,9,9
LEMHI,President,,Bob Ely,,0,0,8,8
LEMHI,President,,Donald J Trump,,0,0,1528,1528
LEMHI,President,,Joe Walsh,,0,0,27,27
LEMHI,President,,Bill Weld,,0,0,21,21
LEMHI,President,,Michael Bennet,,0,0,0,0
LEMHI,President,,Joseph R. Biden,,0,0,237,237
LEMHI,President,,Michael R. Bloomberg,,0,0,21,21
LEMHI,President,,Cory Booker,,0,0,0,0
LEMHI,President,,Steve Burke,,0,0,0,0
LEMHI,President,,Pete Buttigieg,,0,0,11,11
LEMHI,President,,Julian Castro,,0,0,0,0
LEMHI,President,,Roque De La Fuente,,0,0,0,0
LEMHI,President,,John K. Delaney,,0,0,0,0
LEMHI,President,,Tulsi Gabbard,,0,0,4,4
LEMHI,President,,Amy Klobuchar,,0,0,2,2
LEMHI,President,,Deval Patrick,,0,0,0,0
LEMHI,President,,Bernie Sanders,,0,0,137,137
LEMHI,President,,Tom Steyer,,0,0,0,0
LEMHI,President,,Elizabeth Warren,,0,0,16,16
LEMHI,President,,Marianne Williamson,,0,0,0,0
LEMHI,President,,Andrew Yang,,0,0,0,0
LEMHI,President,,Don Blankenship,,0,0,3,3
LEMHI,President,,Daniel Clyde Cummings,,0,0,0,0
LEMHI,President,,Don J. Grundmann,,0,0,0,0
LEMHI,President,,Charles Kraut,,0,0,0,0
LEMHI,President,,J.R. Myers,,0,0,1,1
LEMHI,President,,"Sheila ""Samm"" Tittle",,0,0,3,3
LEWIS,President,,"Roque ""Rocky"" De La Fuente",,0,0,7,7
LEWIS,President,,Bob Ely,,0,0,4,4
LEWIS,President,,Matthew John Matern,,0,0,3,3
LEWIS,President,,Donald J Trump,,0,0,629,629
LEWIS,President,,Joe Walsh,,0,0,9,9
LEWIS,President,,Bill Weld,,0,0,7,7
LEWIS,President,,Michael Bennet,,0,0,0,0
LEWIS,President,,Joseph R. Biden,,0,0,104,104
LEWIS,President,,Michael R. Bloomberg,,0,0,7,7
LEWIS,President,,Cory Booker,,0,0,0,0
LEWIS,President,,Steve Burke,,0,0,0,0
LEWIS,President,,Julian Castro,,0,0,2,2
LEWIS,President,,Roque De La Fuente,,0,0,0,0
LEWIS,President,,John K. Delaney,,0,0,0,0
LEWIS,President,,Tulsi Gabbard,,0,0,3,3
LEWIS,President,,Amy Klobuchar,,0,0,5,5
LEWIS,President,,Pete Buttigieg,,0,0,2,2
LEWIS,President,,Deval Patrick,,0,0,0,0
LEWIS,President,,Bernie Sanders,,0,0,46,46
LEWIS,President,,Tom Steyer,,0,0,0,0
LEWIS,President,,Elizabeth Warren,,0,0,2,2
LEWIS,President,,Marianne Williamson,,0,0,2,2
LEWIS,President,,Andrew Yang,,0,0,3,3
LEWIS,President,,Don Blankenship,,0,0,3,3
LEWIS,President,,Daniel Clyde Cummings,,0,0,1,1
LEWIS,President,,Don J. Grundmann,,0,0,0,0
LEWIS,President,,Charles Kraut,,0,0,2,2
LEWIS,President,,J.R. Myers,,0,0,0,0
LEWIS,President,,"Sheila ""Samm"" Tittle",,0,0,3,3
LINCOLN,President,,Michael Bennet,,0,0,0,0
LINCOLN,President,,Joseph R. Biden,,0,0,79,79
LINCOLN,President,,Michael R. Bloomberg,,0,0,3,3
LINCOLN,President,,Cory Booker,,0,0,0,0
LINCOLN,President,,Steve Burke,,0,0,1,1
LINCOLN,President,,Pete Buttigieg,,0,0,2,2
LINCOLN,President,,Julian Castro,,0,0,0,0
LINCOLN,President,,Roque De La Fuente,,0,0,0,0
LINCOLN,President,,John K. Delaney,,0,0,1,1
LINCOLN,President,,Tulsi Gabbard,,0,0,0,0
LINCOLN,President,,Amy Klobuchar,,0,0,3,3
LINCOLN,President,,Deval Patrick,,0,0,0,0
LINCOLN,President,,Bernie Sanders,,0,0,51,51
LINCOLN,President,,Tom Steyer,,0,0,0,0
LINCOLN,President,,Elizabeth Warren,,0,0,2,2
LINCOLN,President,,Marianne Williamson,,0,0,3,3
LINCOLN,President,,Andrew Yang,,0,0,0,0
LINCOLN,President,,Don Blankenship,,0,0,0,0
LINCOLN,President,,Daniel Clyde Cummings,,0,0,0,0
LINCOLN,President,,Don J. Grundmann,,0,0,1,1
LINCOLN,President,,Charles Kraut,,0,0,0,0
LINCOLN,President,,J.R. Myers,,0,0,0,0
LINCOLN,President,,"Sheila ""Samm"" Tittle",,0,0,0,0
LINCOLN,President,,"Roque ""Rocky"" De La Fuente",,0,0,6,6
LINCOLN,President,,Bob Ely,,0,0,4,4
LINCOLN,President,,Matthew John Matern,,0,0,5,5
LINCOLN,President,,Donald J Trump,,0,0,466,466
LINCOLN,President,,Joe Walsh,,0,0,11,11
LINCOLN,President,,Bill Weld,,0,0,12,12
MADISON,President,,Joseph R. Biden,,0,0,356,356
MADISON,President,,Michael R. Bloomberg,,0,0,9,9
MADISON,President,,Cory Booker,,0,0,2,2
MADISON,President,,Steve Burke,,0,0,0,0
MADISON,President,,Pete Buttigieg,,0,0,5,5
MADISON,President,,Julian Castro,,0,0,0,0
MADISON,President,,Roque De La Fuente,,0,0,0,0
MADISON,President,,John K. Delaney,,0,0,1,1
MADISON,President,,Tulsi Gabbard,,0,0,24,24
MADISON,President,,Amy Klobuchar,,0,0,10,10
MADISON,President,,Deval Patrick,,0,0,0,0
MADISON,President,,Bernie Sanders,,0,0,350,350
MADISON,President,,Tom Steyer,,0,0,1,1
MADISON,President,,Elizabeth Warren,,0,0,18,18
MADISON,President,,Marianne Williamson,,0,0,0,0
MADISON,President,,Andrew Yang,,0,0,9,9
MADISON,President,,Michael Bennet,,0,0,3,3
MADISON,President,,"Roque ""Rocky"" De La Fuente",,0,0,14,14
MADISON,President,,Bob Ely,,0,0,15,15
MADISON,President,,Matthew John Matern,,0,0,27,27
MADISON,President,,Donald J Trump,,0,0,2099,2099
MADISON,President,,Joe Walsh,,0,0,60,60
MADISON,President,,Bill Weld,,0,0,68,68
MADISON,President,,Don Blankenship,,0,0,7,7
MADISON,President,,Daniel Clyde Cummings,,0,0,5,5
MADISON,President,,Don J. Grundmann,,0,0,2,2
MADISON,President,,Charles Kraut,,0,0,11,11
MADISON,President,,J.R. Myers,,0,0,3,3
MADISON,President,,"Sheila ""Samm"" Tittle",,0,0,1,1
MINIDOKA,President,,Michael Bennet,DEM,0,0,1,1
MINIDOKA,President,,Joseph R. Biden,DEM,0,26,152,178
MINIDOKA,President,,Michael R. Bloomberg,DEM,0,6,5,11
MINIDOKA,President,,Cory Booker,DEM,0,0,0,0
MINIDOKA,President,,Steve Burke,DEM,0,0,0,0
MINIDOKA,President,,Pete Buttigieg,DEM,0,2,0,2
MINIDOKA,President,,Julian Castro,DEM,0,0,2,2
MINIDOKA,President,,Roque De La Fuente,DEM,0,0,1,1
MINIDOKA,President,,John K. Delaney,DEM,0,0,0,0
MINIDOKA,President,,Tulsi Gabbard,DEM,0,0,5,5
MINIDOKA,President,,Amy Klobuchar,DEM,0,1,2,3
MINIDOKA,President,,Deval Patrick,DEM,0,0,0,0
MINIDOKA,President,,Bernie Sanders,DEM,0,7,140,147
MINIDOKA,President,,Tom Steyer,DEM,0,0,0,0
MINIDOKA,President,,Elizabeth Warren,DEM,0,1,3,4
MINIDOKA,President,,Marianne Williamson,DEM,0,0,0,0
MINIDOKA,President,,Andrew Yang,DEM,0,0,3,3
MINIDOKA,President,,"Roque ""Rocky"" De La Fuente",REP,0,0,4,4
MINIDOKA,President,,Bob Ely,REP,0,1,5,6
MINIDOKA,President,,Matthew John Matern,REP,0,1,8,9
MINIDOKA,President,,Donald J Trump,REP,0,111,1017,1128
MINIDOKA,President,,Joe Walsh,REP,0,2,17,19
MINIDOKA,President,,Bill Weld,REP,0,0,10,10
MINIDOKA,President,,Don Blankenship,CON,0,0,4,4
MINIDOKA,President,,Daniel Clyde Cummings,CON,0,0,3,3
MINIDOKA,President,,Don J. Grundmann,CON,0,0,0,0
MINIDOKA,President,,Charles Kraut,CON,0,0,2,2
MINIDOKA,President,,J.R. Myers,CON,0,0,1,1
MINIDOKA,President,,"Sheila ""Samm"" Tittle",CON,0,0,1,1
NEZ PERCE,President,,"Roque ""Rocky"" De La Fuente",REP,0,0,13,13
NEZ PERCE,President,,Bob Ely,REP,0,0,13,13
NEZ PERCE,President,,Matthew John Matern,REP,0,0,15,15
NEZ PERCE,President,,Donald J Trump,REP,0,0,2347,2347
NEZ PERCE,President,,Joe Walsh,REP,0,0,42,42
NEZ PERCE,President,,Bill Weld,REP,0,0,27,27
NEZ PERCE,President,,Michael Bennet,DEM,0,0,5,5
NEZ PERCE,President,,Joseph R. Biden,DEM,0,0,1380,1380
NEZ PERCE,President,,Michael R. Bloomberg,DEM,0,0,116,116
NEZ PERCE,President,,Cory Booker,DEM,0,0,2,2
NEZ PERCE,President,,Steve Burke,DEM,0,0,1,1
NEZ PERCE,President,,Pete Buttigieg,DEM,0,0,39,39
NEZ PERCE,President,,Julian Castro,DEM,0,0,1,1
NEZ PERCE,President,,Roque De La Fuente,DEM,0,0,0,0
NEZ PERCE,President,,John K. Delaney,DEM,0,0,4,4
NEZ PERCE,President,,Tulsi Gabbard,DEM,0,0,17,17
NEZ PERCE,President,,Amy Klobuchar,DEM,0,0,18,18
NEZ PERCE,President,,Deval Patrick,DEM,0,0,1,1
NEZ PERCE,President,,Bernie Sanders,DEM,0,0,846,846
NEZ PERCE,President,,Tom Steyer,DEM,0,0,7,7
NEZ PERCE,President,,Elizabeth Warren,DEM,0,0,68,68
NEZ PERCE,President,,Marianne Williamson,DEM,0,0,1,1
NEZ PERCE,President,,Andrew Yang,DEM,0,0,12,12
NEZ PERCE,President,,Don Blankenship,CON,0,0,15,15
NEZ PERCE,President,,Daniel Clyde Cummings,CON,0,0,3,3
NEZ PERCE,President,,Don J. Grundmann,CON,0,0,2,2
NEZ PERCE,President,,Charles Kraut,CON,0,0,10,10
NEZ PERCE,President,,J.R. Myers,CON,0,0,1,1
NEZ PERCE,President,,"Sheila ""Samm"" Tittle",CON,0,0,12,12
ONEIDA,President,,"Roque ""Rocky"" De La Fuente",REP,4,1,0,5
ONEIDA,President,,Bob Ely,REP,0,2,0,2
ONEIDA,President,,Matthew John Matern,REP,0,3,2,5
ONEIDA,President,,Donald J Trump,REP,98,553,67,718
ONEIDA,President,,Joe Walsh,REP,1,16,4,21
ONEIDA,President,,Bill Weld,REP,0,11,1,12
ONEIDA,President,,Michael Bennet,DEM,0,1,0,1
ONEIDA,President,,Joseph R. Biden,DEM,0,44,11,55
ONEIDA,President,,Michael R. Bloomberg,DEM,0,1,3,4
ONEIDA,President,,Cory Booker,DEM,0,0,0,0
ONEIDA,President,,Steve Burke,DEM,0,0,0,0
ONEIDA,President,,Pete Buttigieg,DEM,3,0,0,3
ONEIDA,President,,Julian Castro,DEM,0,0,0,0
ONEIDA,President,,Roque De La Fuente,DEM,0,0,0,0
ONEIDA,President,,John K. Delaney,DEM,0,0,0,0
ONEIDA,President,,Tulsi Gabbard,DEM,0,1,0,1
ONEIDA,President,,Amy Klobuchar,DEM,0,0,0,0
ONEIDA,President,,Deval Patrick,DEM,0,0,0,0
ONEIDA,President,,Bernie Sanders,DEM,0,25,4,29
ONEIDA,President,,Tom Steyer,DEM,0,2,0,2
ONEIDA,President,,Elizabeth Warren,DEM,0,1,0,1
ONEIDA,President,,Marianne Williamson,DEM,0,0,0,0
ONEIDA,President,,Andrew Yang,DEM,0,0,0,0
ONEIDA,President,,Don Blankenship,CON,0,1,0,1
ONEIDA,President,,Daniel Clyde Cummings,CON,0,1,0,1
ONEIDA,President,,Don J. Grundmann,CON,0,1,0,1
ONEIDA,President,,Charles Kraut,CON,0,1,0,1
ONEIDA,President,,J.R. Myers,CON,0,0,0,0
ONEIDA,President,,"Sheila ""Samm"" Tittle",CON,0,0,0,0
OWYHEE,President,,"Roque ""Rocky"" De La Fuente",,0,0,8,8
OWYHEE,President,,Matthew John Matern,,0,0,2,2
OWYHEE,President,,Donald J Trump,,0,0,1116,1116
OWYHEE,President,,Joe Walsh,,0,0,11,11
OWYHEE,President,,Bill Weld,,0,0,7,7
OWYHEE,President,,Bob Ely,,0,0,3,3
OWYHEE,President,,Michael Bennet,,0,0,0,0
OWYHEE,President,,Joseph R. Biden,,0,0,133,133
OWYHEE,President,,Michael R. Bloomberg,,0,0,8,8
OWYHEE,President,,Cory Booker,,0,0,1,1
OWYHEE,President,,Steve Burke,,0,0,0,0
OWYHEE,President,,Pete Buttigieg,,0,0,1,1
OWYHEE,President,,Julian Castro,,0,0,0,0
OWYHEE,President,,Roque De La Fuente,,0,0,0,0
OWYHEE,President,,John K. Delaney,,0,0,0,0
OWYHEE,President,,Tulsi Gabbard,,0,0,1,1
OWYHEE,President,,Amy Klobuchar,,0,0,2,2
OWYHEE,President,,Deval Patrick,,0,0,0,0
OWYHEE,President,,Bernie Sanders,,0,0,102,102
OWYHEE,President,,Tom Steyer,,0,0,0,0
OWYHEE,President,,Elizabeth Warren,,0,0,3,3
OWYHEE,President,,Marianne Williamson,,0,0,1,1
OWYHEE,President,,Andrew Yang,,0,0,2,2
OWYHEE,President,,Don Blankenship,,0,0,4,4
OWYHEE,President,,Daniel Clyde Cummings,,0,0,1,1
OWYHEE,President,,Don J. Grundmann,,0,0,1,1
OWYHEE,President,,Charles Kraut,,0,0,0,0
OWYHEE,President,,J.R. Myers,,0,0,0,0
OWYHEE,President,,"Sheila ""Samm"" Tittle",,0,0,3,3
PAYETTE,President,,"Roque ""Rocky"" De La Fuente",REP,8,0,0,8
PAYETTE,President,,Bob Ely,REP,3,0,0,3
PAYETTE,President,,Matthew John Matern,REP,7,0,0,7
PAYETTE,President,,Donald J Trump,REP,1661,0,0,1661
PAYETTE,President,,Joe Walsh,REP,19,0,0,19
PAYETTE,President,,Bill Weld,REP,31,0,0,31
PAYETTE,President,,Michael Bennet,DEM,1,0,0,1
PAYETTE,President,,Joseph R. Biden,DEM,332,0,0,332
PAYETTE,President,,Michael R. Bloomberg,DEM,28,0,0,28
PAYETTE,President,,Cory Booker,DEM,0,0,0,0
PAYETTE,President,,Steve Burke,DEM,1,0,0,1
PAYETTE,President,,Pete Buttigieg,DEM,12,0,0,12
PAYETTE,President,,Julian Castro,DEM,0,0,0,0
PAYETTE,President,,Roque De La Fuente,DEM,0,0,0,0
PAYETTE,President,,John K. Delaney,DEM,3,0,0,3
PAYETTE,President,,Tulsi Gabbard,DEM,11,0,0,11
PAYETTE,President,,Amy Klobuchar,DEM,5,0,0,5
PAYETTE,President,,Deval Patrick,DEM,1,0,0,1
PAYETTE,President,,Bernie Sanders,DEM,256,0,0,256
PAYETTE,President,,Tom Steyer,DEM,1,0,0,1
PAYETTE,President,,Elizabeth Warren,DEM,11,0,0,11
PAYETTE,President,,Marianne Williamson,DEM,0,0,0,0
PAYETTE,President,,Andrew Yang,DEM,2,0,0,2
PAYETTE,President,,Don Blankenship,CON,3,0,0,3
PAYETTE,President,,Daniel Clyde Cummings,CON,2,0,0,2
PAYETTE,President,,Don J. Grundmann,CON,3,0,0,3
PAYETTE,President,,Charles Kraut,CON,0,0,0,0
PAYETTE,President,,J.R. Myers,CON,2,0,0,2
PAYETTE,President,,"Sheila ""Samm"" Tittle",CON,4,0,0,4
POWER,President,,"Roque ""Rocky"" De La Fuente",REP,2,4,0,6
POWER,President,,Bob Ely,REP,0,4,0,4
POWER,President,,Matthew John Matern,REP,0,7,0,7
POWER,President,,Donald J Trump,REP,63,573,0,636
POWER,President,,Joe Walsh,REP,1,15,0,16
POWER,President,,Bill Weld,REP,0,5,0,5
POWER,President,,Michael Bennet,DEM,0,0,0,0
POWER,President,,Joseph R. Biden,DEM,26,140,0,166
POWER,President,,Michael R. Bloomberg,DEM,10,12,0,22
POWER,President,,Cory Booker,DEM,0,0,0,0
POWER,President,,Steve Burke,DEM,0,1,0,1
POWER,President,,Pete Buttigieg,DEM,4,4,0,8
POWER,President,,Julian Castro,DEM,1,2,0,3
POWER,President,,Roque De La Fuente,DEM,0,0,0,0
POWER,President,,John K. Delaney,DEM,0,2,0,2
POWER,President,,Tulsi Gabbard,DEM,0,1,0,1
POWER,President,,Amy Klobuchar,DEM,2,2,0,4
POWER,President,,Deval Patrick,DEM,0,0,0,0
POWER,President,,Bernie Sanders,DEM,12,89,0,101
POWER,President,,Tom Steyer,DEM,0,0,0,0
POWER,President,,Elizabeth Warren,DEM,0,4,0,4
POWER,President,,Marianne Williamson,DEM,0,0,0,0
POWER,President,,Andrew Yang,DEM,0,1,0,1
POWER,President,,Don Blankenship,CON,0,0,0,0
POWER,President,,Daniel Clyde Cummings,CON,1,0,0,1
POWER,President,,Don J. Grundmann,CON,0,0,0,0
POWER,President,,Charles Kraut,CON,0,0,0,0
POWER,President,,J.R. Myers,CON,0,0,0,0
POWER,President,,"Sheila ""Samm"" Tittle",CON,1,0,0,1
SHOSHONE,President,,Bob Ely,,0,0,5,5
SHOSHONE,President,,Bill Weld,,0,0,9,9
SHOSHONE,President,,Matthew John Matern,,0,0,4,4
SHOSHONE,President,,Donald J Trump,,0,0,1336,1336
SHOSHONE,President,,Joe Walsh,,0,0,20,20
SHOSHONE,President,,"Roque ""Rocky"" De La Fuente",,0,0,10,10
SHOSHONE,President,,Michael Bennet,,0,0,2,2
SHOSHONE,President,,Joseph R. Biden,,0,0,577,577
SHOSHONE,President,,Michael R. Bloomberg,,0,0,58,58
SHOSHONE,President,,Cory Booker,,0,0,5,5
SHOSHONE,President,,Steve Burke,,0,0,1,1
SHOSHONE,President,,Pete Buttigieg,,0,0,19,19
SHOSHONE,President,,Julian Castro,,0,0,0,0
SHOSHONE,President,,Roque De La Fuente,,0,0,1,1
SHOSHONE,President,,John K. Delaney,,0,0,2,2
SHOSHONE,President,,Tulsi Gabbard,,0,0,14,14
SHOSHONE,President,,Amy Klobuchar,,0,0,12,12
SHOSHONE,President,,Deval Patrick,,0,0,0,0
SHOSHONE,President,,Bernie Sanders,,0,0,324,324
SHOSHONE,President,,Tom Steyer,,0,0,4,4
SHOSHONE,President,,Elizabeth Warren,,0,0,20,20
SHOSHONE,President,,Marianne Williamson,,0,0,2,2
SHOSHONE,President,,Andrew Yang,,0,0,4,4
SHOSHONE,President,,Don Blankenship,,0,0,5,5
SHOSHONE,President,,Daniel Clyde Cummings,,0,0,2,2
SHOSHONE,President,,Don J. Grundmann,,0,0,2,2
SHOSHONE,President,,Charles Kraut,,0,0,1,1
SHOSHONE,President,,J.R. Myers,,0,0,1,1
SHOSHONE,President,,"Sheila ""Samm"" Tittle",,0,0,2,2
TETON,President,,Don Blankenship,,0,0,0,0
TETON,President,,Daniel Clyde Cummings,,0,0,1,1
TETON,President,,Don J. Grundmann,,0,0,1,1
TETON,President,,Charles Kraut,,0,0,0,0
TETON,President,,J.R. Myers,,0,0,1,1
TETON,President,,"Sheila ""Samm"" Tittle",,0,0,2,2
TETON,President,,Michael R. Bloomberg,,0,0,19,19
TETON,President,,Cory Booker,,0,0,0,0
TETON,President,,Steve Burke,,0,0,1,1
TETON,President,,Pete Buttigieg,,0,0,14,14
TETON,President,,Julian Castro,,0,0,2,2
TETON,President,,Roque De La Fuente,,0,0,0,0
TETON,President,,John K. Delaney,,0,0,1,1
TETON,President,,Tulsi Gabbard,,0,0,14,14
TETON,President,,Amy Klobuchar,,0,0,12,12
TETON,President,,Deval Patrick,,0,0,0,0
TETON,President,,Bernie Sanders,,0,0,687,687
TETON,President,,Tom Steyer,,0,0,0,0
TETON,President,,Elizabeth Warren,,0,0,41,41
TETON,President,,Marianne Williamson,,0,0,2,2
TETON,President,,Andrew Yang,,0,0,3,3
TETON,President,,Michael Bennet,,0,0,0,0
TETON,President,,Joseph R. Biden,,0,0,613,613
TETON,President,,"Roque ""Rocky"" De La Fuente",,0,0,2,2
TETON,President,,Bob Ely,,0,0,2,2
TETON,President,,Matthew John Matern,,0,0,4,4
TETON,President,,Donald J Trump,,0,0,442,442
TETON,President,,Joe Walsh,,0,0,11,11
TETON,President,,Bill Weld,,0,0,14,14
TWIN FALLS,President,,"Roque ""Rocky"" De La Fuente",REP,4,0,33,37
TWIN FALLS,President,,Bob Ely,REP,3,0,17,20
TWIN FALLS,President,,Matthew John Matern,REP,4,0,28,32
TWIN FALLS,President,,Donald J Trump,REP,519,0,4486,5005
TWIN FALLS,President,,Joe Walsh,REP,13,0,108,121
TWIN FALLS,President,,Bill Weld,REP,11,0,77,88
TWIN FALLS,President,,Michael Bennet,DEM,0,0,2,2
TWIN FALLS,President,,Joseph R. Biden,DEM,125,0,1380,1505
TWIN FALLS,President,,Michael R. Bloomberg,DEM,31,0,44,75
TWIN FALLS,President,,Cory Booker,DEM,0,0,1,1
TWIN FALLS,President,,Steve Burke,DEM,0,0,1,1
TWIN FALLS,President,,Pete Buttigieg,DEM,23,0,20,43
TWIN FALLS,President,,Julian Castro,DEM,0,0,5,5
TWIN FALLS,President,,Roque De La Fuente,DEM,0,0,1,1
TWIN FALLS,President,,John K. Delaney,DEM,0,0,1,1
TWIN FALLS,President,,Tulsi Gabbard,DEM,1,0,29,30
TWIN FALLS,President,,Amy Klobuchar,DEM,5,0,10,15
TWIN FALLS,President,,Deval Patrick,DEM,0,0,2,2
TWIN FALLS,President,,Bernie Sanders,DEM,105,0,1083,1188
TWIN FALLS,President,,Tom Steyer,DEM,1,0,1,2
TWIN FALLS,President,,Elizabeth Warren,DEM,23,0,50,73
TWIN FALLS,President,,Marianne Williamson,DEM,0,0,1,1
TWIN FALLS,President,,Andrew Yang,DEM,0,0,7,7
TWIN FALLS,President,,Don Blankenship,CON,0,0,8,8
TWIN FALLS,President,,Daniel Clyde Cummings,CON,0,0,4,4
TWIN FALLS,President,,Don J. Grundmann,CON,0,0,2,2
TWIN FALLS,President,,Charles Kraut,CON,1,0,5,6
TWIN FALLS,President,,J.R. Myers,CON,0,0,6,6
TWIN FALLS,President,,"Sheila ""Samm"" Tittle",CON,0,0,5,5
VALLEY,President,,John K. Delaney,,0,0,0,0
VALLEY,President,,Tulsi Gabbard,,0,0,8,8
VALLEY,President,,Amy Klobuchar,,0,0,10,10
VALLEY,President,,Deval Patrick,,0,0,1,1
VALLEY,President,,Bernie Sanders,,0,0,399,399
VALLEY,President,,Tom Steyer,,0,0,1,1
VALLEY,President,,Elizabeth Warren,,0,0,28,28
VALLEY,President,,Marianne Williamson,,0,0,1,1
VALLEY,President,,Andrew Yang,,0,0,2,2
VALLEY,President,,Michael Bennet,,0,0,0,0
VALLEY,President,,Joseph R. Biden,,0,0,653,653
VALLEY,President,,Michael R. Bloomberg,,0,0,30,30
VALLEY,President,,Cory Booker,,0,0,0,0
VALLEY,President,,Steve Burke,,0,0,0,0
VALLEY,President,,Pete Buttigieg,,0,0,11,11
VALLEY,President,,Julian Castro,,0,0,2,2
VALLEY,President,,Roque De La Fuente,,0,0,0,0
VALLEY,President,,Bill Weld,,0,0,36,36
VALLEY,President,,"Roque ""Rocky"" De La Fuente",,0,0,6,6
VALLEY,President,,Bob Ely,,0,0,6,6
VALLEY,President,,Matthew John Matern,,0,0,9,9
VALLEY,President,,Donald J Trump,,0,0,822,822
VALLEY,President,,Joe Walsh,,0,0,27,27
VALLEY,President,,Charles Kraut,,0,0,1,1
VALLEY,President,,J.R. Myers,,0,0,0,0
VALLEY,President,,"Sheila ""Samm"" Tittle",,0,0,1,1
VALLEY,President,,Don Blankenship,,0,0,1,1
VALLEY,President,,Daniel Clyde Cummings,,0,0,0,0
VALLEY,President,,Don J. Grundmann,,0,0,0,0
WASHINGTON,President,,Don Blankenship,,0,0,5,5
WASHINGTON,President,,Daniel Clyde Cummings,,0,0,3,3
WASHINGTON,President,,Don J. Grundmann,,0,0,3,3
WASHINGTON,President,,Charles Kraut,,0,0,2,2
WASHINGTON,President,,J.R. Myers,,0,0,2,2
WASHINGTON,President,,"Sheila ""Samm"" Tittle",,0,0,2,2
WASHINGTON,President,,Michael Bennet,,0,0,1,1
WASHINGTON,President,,Joseph R. Biden,,0,0,241,241
WASHINGTON,President,,Michael R. Bloomberg,,0,0,24,24
WASHINGTON,President,,Cory Booker,,0,0,1,1
WASHINGTON,President,,Steve Burke,,0,0,0,0
WASHINGTON,President,,Pete Buttigieg,,0,0,4,4
WASHINGTON,President,,Julian Castro,,0,0,0,0
WASHINGTON,President,,Roque De La Fuente,,0,0,0,0
WASHINGTON,President,,John K. Delaney,,0,0,1,1
WASHINGTON,President,,Tulsi Gabbard,,0,0,2,2
WASHINGTON,President,,Amy Klobuchar,,0,0,5,5
WASHINGTON,President,,Deval Patrick,,0,0,0,0
WASHINGTON,President,,Bernie Sanders,,0,0,81,81
WASHINGTON,President,,Tom Steyer,,0,0,1,1
WASHINGTON,President,,Elizabeth Warren,,0,0,2,2
WASHINGTON,President,,Marianne Williamson,,0,0,1,1
WASHINGTON,President,,Andrew Yang,,0,0,2,2
WASHINGTON,President,,"Roque ""Rocky"" De La Fuente",,0,0,12,12
WASHINGTON,President,,Matthew John Matern,,0,0,17,17
WASHINGTON,President,,Bob Ely,,0,0,7,7
WASHINGTON,President,,Donald J Trump,,0,0,1367,1367
WASHINGTON,President,,Joe Walsh,,0,0,29,29
WASHINGTON,President,,Bill Weld,,0,0,27,27